병원명,기관구분,주소,지역,위도,경도,전화번호
(재)천주의성요한병원,중독관리통합지원센터,"광주광역시 북구 태봉로 32, 유동 115-1",광주,35.16033257,126.9036025,062-510-3114
(학)일송학원 한림대학교성심병원,기초정신건강복지센터,관평로170번길 22,기타,37.3916512,126.9619722,1577-5587
가득한집,정신재활시설,"서울특별시 금천구 시흥대로 133-7, 301호(시흥동)",서울,37.44599425,126.9027799,
가람슬기,정신재활시설,"서울특별시 광진구 천호대로 116길 109, 301",서울,,,1833-9306
가온길,정신재활시설,"서울특별시 노원구 공릉로 58나길 17, 2층(하계동)",서울,37.63644484,127.0735236,02-6083-0003
가온누리,정신재활시설,충청남도 아산시 번영로 169번길 6-5,충청남도,36.78589937,127.0101501,
가평군자살예방센터,자살예방센터,경기도 가평군 가평읍 가화로 155-15,경기,37.83301353,127.5108228,031-581-8881
가평꽃동네 정신요양원,정신요양시설,경기도 가평군 조종면 꽃동네길 60,경기,37.88543853,127.3505344,031-589-0210
강남구 정신건강복지센터,기초정신건강복지센터,"서울특별시 강남구 자곡로 100, 자곡문화센터 2층",서울,37.47149609,127.0944958,02-2226-0344
강릉시정신건강복지센터,기초정신건강복지센터,"강릉시 남구길 23번길24 3층,4층",기타,37.76363503,128.9032238,033-651-9668
강릉중독관리통합지원센터,중독관리통합지원센터,강원도 강릉시 용지로144 리치빌딩 4층,강원,37.76168779,128.9025033,033-653-9667
강북구 정신건강복지센터,기초정신건강복지센터,서울특별시 강북구 삼양로19길 154 삼각산분소 3층,서울,37.61704648,127.0156399,02-985-0222
강서그룹홈,정신재활시설,서울특별시 강서구 초록마을로16길 20,서울,37.54118645,126.8495435,02-2699-7328
강서양지,정신재활시설,"서울특별시 강서구 등촌로35 가길 26, 301호",서울,37.53743544,126.8622656,
강원대학교병원,광역정신건강복지센터,강원도 춘천시 춘천로 306-5,강원,37.88132791,127.7471783,033-258-2000
강원대학교병원,기초정신건강복지센터,강원도 춘천시 효제길 35,강원,37.87133505,127.7372202,033-258-2000
강원도자살예방센터,자살예방센터,강원도 춘천시 춘천로 306-5 유칭프라자 3층,강원,37.88132791,127.7471783,033-241-4256
강진군 정신건강복지센터,기초정신건강복지센터,전라남도 강진군 강진읍 목리길11,전라남도,34.63833623,126.77571,061-430-3570
강화정신요양원,정신요양시설,인천광역시 강화군 선원면 고식이길 20번길 19-3,인천,37.72862901,126.4938392,032-933-4578
거제시 정신건강복지센터,기초정신건강복지센터,경상남도 거제시 수양로 506,경상남도,34.89193089,128.6366622,055-639-6119
거창군 정신건강복지센터,기초정신건강복지센터,경상남도 거창군 거창읍 거함대로 3079,경상남도,35.68106359,127.8984935,055-940-8384
건국대학교 충주병원,기초정신건강복지센터,충청북도 충주시 국원대로78 2층 ,충청북도,36.97844043,127.9285084,043-840-8200
건양대학교병원,기초정신건강복지센터,대전광역시 서구 만년로 74 서구보건소 6층,대전,36.36708849,127.3810998,1577-3330
경기다사모,정신재활시설,경기도 수원시 팔달구 매산로89,경기,37.27049849,127.0106742,031-256-2258
경기도 기초정신건강복지센터,기초정신건강복지센터,경기도 광주시 파발로 194번지,경기,37.41643091,127.2507218,NOT_FOUND
경기도의료원 의정부병원,기초정신건강복지센터,경기도 의정부시 범골로 131 의정부시보건소 3층,경기,37.73615933,127.0395595,031-828-5000
경기도의료원 의정부병원,중독관리통합지원센터,"경기도 의정부시 의정로 52번길 18, 삼보빌딩 3층",경기,37.73725504,127.0360749,031-828-5000
경기도자살예방센터,자살예방센터,경기도 수원시 장안구 수성로 245번길 69 (정자동) 경기도의료원 2층,경기,37.2918595,126.9963807,031-212-0437
경농의료재단 양산병원,기초정신건강복지센터,"경상남도 양산시 중앙로 7-32, 양산시보건복지센터 4층 양산시정신건강복지센터",경상남도,35.33215714,129.0379947,055-379-0202
경북대학교 간호과학연구소,기초정신건강복지센터,경상북도 구미시 선산대로 111,경상북도,36.13993514,128.3459537,NOT_FOUND
경북대학교 간호대학,기초정신건강복지센터,경상북도 영천시 조양공원길 21,경상북도,35.96661477,128.9322976,053-420-4925
경북대학교병원,기초정신건강복지센터,"대구광역시 중구 태평로 45, 중구보건소 3층",대구,35.8778155,128.5833354,1533-8888
경산복지재단,기초정신건강복지센터,경기도 화성시 향남로 470 화성종합경기타운 실내체육관 내 1층,경기,37.13747112,126.924665,
경산복지재단,중독관리통합지원센터,경기도 화성시 정남면 서봉로 998 정남면보건지소 내 1층,경기,37.16037358,126.9710694,
경산세명병원,기초정신건강복지센터,경상북도 경산시 남매로 158,경상북도,35.82511247,128.7432823,053-819-8800
경상대학교병원,중독관리통합지원센터,경상남도 진주시 진주대로 816번길 20 2층,경상남도,35.17415094,128.0958778,055-750-8000
경성대학교 산학협력단,기초정신건강복지센터,부산광역시 강서구 공항로 811번길 10 강서브라이트센터 내 보건소 3층,부산,35.18019056,128.9574082,051-663-5053
경주정신건강상담센터,정신재활시설,"경상북도 경주시 북성로 124, 2층",경상북도,35.8470303,129.2152646,054-741-8805
경희사회복귀시설,정신재활시설,"광주광역시 북구 연양로 105번길 14, 스카이빌 301, 303, 304호",광주,35.20755092,126.8793875,NOT_FOUND
경희의료원,기초정신건강복지센터,서울특별시 동대문구 홍릉로81 2층,서울,37.58751632,127.0427076,02-958-8114
계룡시 정신건강복지센터,기초정신건강복지센터,충청남도 계룡시 장안로 54(금암동 10-5),충청남도,36.2730574,127.2500264,042-840-3572
계요병원,기초정신건강복지센터,경기도 의왕시 오봉로34 의왕시보건소별관,경기,37.34378769,126.9719938,031-455-3333
고담의료재단 마더스병원,광역정신건강복지센터,"울산광역시 남구 화합로 105, 로하스빌딩 2층",울산,35.53409029,129.3406331,052-270-7000
고담의료재단 마더스병원,중독관리통합지원센터,"울산광역시 남구 화합로 105 (달동, 로하스빌딩 5층)",울산,35.53409029,129.3406331,052-270-7000
고담의료재단 마더스병원,중독관리통합지원센터,"울산광역시 중구 학성로 84-1, 3층",울산,35.55489722,129.3201212,052-270-7000
고려대학교 산학협력단,기초정신건강복지센터,경기도 안산시 단원구 화랑로 387,경기,37.3225569,126.8327135,02-2286-1097
고려대학교 산학협력단,중독관리통합지원센터,"경기도 안산시 단원구 화랑로 387, 2층",경기,37.3225569,126.8327135,02-2286-1097
고령군 정신건강복지센터,기초정신건강복지센터,경상북도 고령군 대가야읍 왕릉로 56-8,경상북도,35.72487188,128.2645148,NOT_FOUND
고성군 정신건강복지센터,기초정신건강복지센터,경상남도 고성군 남포로79번길 103-3,경상남도,34.96957375,128.3154029,055-670-4057
고성군정신건강복지센터,기초정신건강복지센터,강원 고성군 간성읍 수성로 30 보건소 2층,강원,38.37767486,128.4720941,055-670-4057
고성정신요양원,정신요양시설,경상남도 고성군 마암면 남해안대로3268-92,경상남도,35.02246172,128.3531307,055-672-6659
고신대학교 의과대학,기초정신건강복지센터,부산광역시 영도구 동삼북로2 동삼1주공아파트 상가 209호,부산,35.08277479,129.0667717,051-990-6600
고운누리,정신재활시설,"대전광역시 서구 도마로25번길 54, 101호(도마동)",대전,36.32479285,127.3732599,031-753-2490
고운누리,정신재활시설,경기도 성남시 수정구 산성대로 193 금성빌딩 5층,경기,37.43731458,127.1395912,031-753-2490
고정선신경 정신의학과,기초정신건강복지센터,인천광역시 동구 인중로 377 2층,인천,37.48307778,126.6177135,NOT_FOUND
고정선정신건강의학과의원,중독관리통합지원센터,인천광역시 동구 인중로 377 2층 ,인천,37.48307778,126.6177135,032-777-1182
고흥군 정신건강복지센터,기초정신건강복지센터,전라남도 고흥군 등암3길 5,전라남도,34.5919855,127.2692469,NOT_FOUND
공감플러스,정신재활시설,서울특별시 강서구 화곡로61길 130 남영빌딩 3층,서울,37.55864245,126.8452761,02-3663-2035
공생하우스,정신재활시설,제주특별자치도 제주시 아봉로449-10 ,제주,33.47147459,126.5821288,
공주벧엘정신요양원,정신요양시설,충청남도 공주시 백제문화로 2015-20,충청남도,36.44927898,127.0991321,041-855-6342
관악구 정신건강복지센터,기초정신건강복지센터,"서울특별시 관악구 관악로 145, 3동 4층",서울,37.47821067,126.9515012,02-879-4911
관악좋은집,정신재활시설,"서울특별시 관악구 법원단지32길 5, 201호(신림동)",서울,37.47569155,126.9246944,02-587-1717
광명시자살예방센터,자살예방센터,경기도 광명시 오리로 613 광명시보건소 1층 11호,경기,37.45541099,126.8781639,02-2618-8255
광양시 정신건강복지센터,기초정신건강복지센터,전라남도 광양시 광양읍 인덕로 1100,전라남도,34.98097674,127.583623,061-797-3777
광주광역시 기초정신건강복지센터,기초정신건강복지센터,광주광역시 서구 운천로 172번길 32(상무금호보건지소 정신보건팀),광주,35.14818147,126.8601043,NOT_FOUND
광주광역자살예방센터,자살예방센터,"광주광역시 동구 제봉로 27, 5층",광주,35.14114249,126.9211498,1577-0199
광주새생명보건센터,정신재활시설,광주광역시 동구 중흥로 197,광주,35.1608203,126.9153135,
광주정신재활센터,정신재활시설,광주광역시 북구 서하로 240-18 2층,광주,35.18637127,126.907207,062-512-7039
광주제일병원,중독관리통합지원센터,광주광역시 남구 독립로 25-1,광주,35.13598345,126.9013345,062-676-6700
광주해피라이프,정신재활시설,광주광역시 서구 화운로 172,광주,35.15421893,126.8770344,
광진 오사랑의집,정신재활시설,"서울특별시 광진구 긴고랑로 36길 57-11, 301호",서울,37.55740584,127.0912295,NOT_FOUND
광진구정신건강복지센터,기초정신건강복지센터,서울특별시 광진구 긴고랑로 110 중곡종합건강센터 4층,서울,37.55933773,127.0870912,02-450-1895
괴산군 정신건강복지센터,기초정신건강복지센터,충청북도 괴산군 괴산읍 읍내로2길 27-10,충청북도,36.80690304,127.7909356,043-832-0330
구례군 정신건강복지센터,기초정신건강복지센터,전라남도 구례군 구례읍 동편제길30 ,전라남도,35.21596948,127.4617976,061-780-2047
구로구 정신건강복지센터,기초정신건강복지센터,서울특별시 구로구 새말로 60,서울,37.50322479,126.8866391,02-861-2284
구로구공동희망학교,정신재활시설,"서울특별시 구로구 구로중앙로18길 50, 2층",서울,37.49576554,126.8920199,02-6739-3500
구미시 정신건강복지센터,기초정신건강복지센터,경상북도 구미시 선산읍 선주로 121,경상북도,36.24417904,128.2999491,054-444-0199
국립공주병원,광역정신건강복지센터,충청남도 홍성군 홍북면 충청남도대로 21,충청남도,,,041-850-5700
국립공주병원,기초정신건강복지센터,충청남도 공주시 봉황로 123 1층,충청남도,36.45711741,127.1206564,041-850-5700
국립나주병원,기초정신건강복지센터,"광주광역시 광산구 상무대로 239-1, 3층",광주,35.14062257,126.793246,061-330-4114
국립나주병원,기초정신건강복지센터,"광주광역시 남구 봉선로 1, 5층",광주,35.13290647,126.9024479,061-330-4114
국립나주병원,광역정신건강복지센터,전라남도 나주시 산포면 세남로 1328-31,전라남도,35.0095084,126.8255988,061-330-4114
국립나주병원,기초정신건강복지센터,전라남도 곡성군 곡성읍 곡성로,전라남도,35.25579172,127.2683747,061-330-4114
국립나주병원,기초정신건강복지센터,전라남도 나주시 건재로 211 1층,전라남도,35.05105508,126.7237507,061-330-4114
국립나주병원,기초정신건강복지센터,전라남도 장흥군 장흥읍 동교1길 13,전라남도,34.67705335,126.9069323,061-330-4114
국립정신건강센터,중독관리통합지원센터,서울특별시 강북구 삼양로 335-1 2층,서울,37.63341432,127.0171553,02-2204-0114
국립중앙의료원,기초정신건강복지센터,"서울특별시 강동구 성내로 45, 1층",서울,37.52954199,127.1255855,1588-1775
국립춘천병원,기초정신건강복지센터,강원도 홍천군 홍천읍 신장대로5 홍천군건강증진센터 2층,강원,37.69022187,127.8772937,033-260-3000
국민건강보험공단 일산병원,기초정신건강복지센터,경기도 고양시 덕양구 고양시청로 13-6 현대빌딩 2층,경기,37.65696724,126.8321421,1577-0013
군산의료원,중독관리통합지원센터,전라북도 군산시 백마길16,전라북도,35.94480785,126.809879,063-472-5000
귀일정신요양원,정신요양시설,광주광역시 남구 용대로 74번길 21,광주,35.12202489,126.9215041,062-652-0576
그라따,정신재활시설,서울특별시 도봉구 도봉로 181 가길6 1층,서울,37.68374976,127.045097,NOT_FOUND
그루터기,정신재활시설,제주특별자치도 제주시 원당북로65 ,제주,33.53302128,126.6001416,
그리스도요양원,정신요양시설,부산광역시 서구 옥천로 130번길 40,부산,35.09751235,129.0136825,051-257-0103
그린나래,정신재활시설,경상북도 상주시 만산8길 61,경상북도,36.44385204,128.1506488,051-744-8160
그린홈,정신재활시설,"서울특별시 중랑구 동일로 92길 39-21, 2층",서울,37.58438086,127.0822227,031-239-5777
글로리병원,중독관리통합지원센터,인천광역시 부평구 마장로 410번길 5 청천2동주민센터 3층,인천,37.51487345,126.7045398,032-262-9000
금촌혜민의집,정신재활시설,"경기도 파주시 조리읍 송비말길 22, 성원아파트 102동 703호",경기,37.74223964,126.8060845,NOT_FOUND
기독성심원,정신요양시설,충청남도 천안시 동남구 성남면 성심원길 124,충청남도,36.75394446,127.2457911,
기쁜우리사회 복귀시설,정신재활시설,부산광역시 영도구 함지로 33-10,부산,35.07221629,129.0617504,051-403-4388
기쁨해,정신재활시설,경기도 고양시 덕양구 고양대로 1395번길 76 3층,경기,37.65703034,126.8414108,043-235-6475
길벗 ,정신재활시설,"경기도 화성시 병점로 17-7, 201호(진안동)",경기,37.20938354,127.0364329,031-287-9127
길벗둥지,정신재활시설,"서울특별시 동대문구 서울시립대로 18길 36, 1층",서울,37.5799944,127.0532936,070-8180-7224
길병원,광역정신건강복지센터,인천광역시 남동구 남동대로 774번길 24,인천,37.45103928,126.7094099,1577-2299
길정신건강센터,정신재활시설,제주특별자치도 제주시 한림읍 한림뱅디길 88-17,제주,33.40536579,126.2791345,064-796-7003
길정의료재단 대남병원,기초정신건강복지센터,"부산광역시 사상구 가야대로 196번길 51, 3층 다누림센터",부산,35.14738137,128.995023,051-324-2227
김천시 정신건강복지센터,기초정신건강복지센터,경상북도 김천시 체육공원길 21 3층,경상북도,36.11973266,128.1445272,054-433-4005
김포한누리병원,기초정신건강복지센터,인천광역시 강화군 강화읍 충렬사로 26-1,인천,37.7372942,126.4848586,031-981-3000
꽃동네 정신요양원,정신요양시설,충청북도 음성군 맹동면 꽃동네길 22,충청북도,36.94026588,127.5764385,031-589-0210
꽃동네치료공동체,정신재활시설,세종특별자치시 부강면 노호등곡1로 237번지,세종,36.51252485,127.3995554,044-269-3948
꽃피는집,정신재활시설,대전광역시 중구 테미로 8(대흥동),대전,36.31914683,127.4201403,010-3006-9691
꿈꾸는달팽이,정신재활시설,"서울특별시 구로구 디지털로 26길 110, 동일테크노타운 2차 302호",서울,37.4820342,126.8977072,02-855-9135
꿈꾸는집,정신재활시설,"서울특별시 관악구 당곡6길 65, 201호",서울,37.49293589,126.9307761,
꿈의둥지,정신재활시설,"인천광역시 미추홀구 소성로 318번길 18-16, 현빌리지 301호,302호",인천,,,
꿈이있는사람들,정신재활시설,대구광역시 달성군 화원읍 비슬로 523길 3-26,대구,35.80538778,128.5014359,070-4210-8291
꿈이있는집,정신재활시설,전라북도 전주시 덕진구 아중1길 23-3 퓨처빌B 402호,전라북도,35.82928829,127.1719035,061-271-9227
꿈터,정신재활시설,"경기도 성남시 분당구 느티로 51번길16-9, 1층",경기,37.37021983,127.1110376,
낑알이공동체,정신재활시설,경상북도 영천시 교촌동서길14,경상북도,35.96825353,128.9286879,NOT_FOUND
낑알이공동체 2호,정신재활시설,경상북도 영천시 교촌동서길14,경상북도,35.96825353,128.9286879,NOT_FOUND
낑알이공동체 3호,정신재활시설,경상북도 영천시 쌍계길 104,경상북도,35.9625602,128.9057031,NOT_FOUND
나눔터,정신재활시설,"서울특별시 성북구 석관동 133-44, 태영빌딩 501호",서울,37.61307377,127.065279,
나무 ,정신재활시설,"경기도 평택시 평택 4로 39, 6층",경기,36.99159329,127.1000627,043-732-1439
나비의꿈,정신재활시설,충청남도 천안시 서북구 두정중 11길 26. 5층 마천루빌딩,충청남도,36.83768401,127.1411877,063-582-7651
나사렛대학교 산학협력단,중독관리통합지원센터,충청남도 천안시 동남구 버들로 40 1층,충청남도,36.80717777,127.1514571,041-570-7700
남동정신재활시설 그루터기,정신재활시설,인천광역시 남동구 담방서로 23번길 17,인천,37.44724218,126.7364002,NOT_FOUND
남양집 ,정신재활시설,"경기도 화성시 동탄면 금곡로 68-6, 101호",경기,37.16678401,127.0789389,063-284-1912
남원시 정신건강복지센터,기초정신건강복지센터,전라북도 남원시 동문로 42-1(남원농협 동문지점 2층),전라북도,35.40939604,127.3862753,063-625-4122
남자담쟁이,정신재활시설,"경기도 성남시 중원구 자혜로 8번길 59-5호, 1층",경기,37.44556066,127.1585298,NOT_FOUND
남해군 정신건강복지센터,기초정신건강복지센터,경상남도 남해군 남해읍 선소로 6,경상남도,34.84474988,127.8987857,055-860-8785
내동화세상,정신재활시설,서울특별시 도봉구 도봉산 3길 17-16,서울,37.6864252,127.0441902,
내마음까페,정신재활시설,"충청남도 서산시 지곡면 충의로 762-78, 늘푸른오스카빌 102동 1005호",충청남도,36.84281145,126.4485225,0507-1344-5917
네잎클로버,정신재활시설,경기도 수원시 팔달구 월드컵로 321번길34-20 나동 2층 301호,경기,37.28664929,127.0320337,063-221-4120
노원구 정신건강복지센터,기초정신건강복지센터,"서울특별시 노원구 노해로 455, 인산빌딩 5층",서울,37.65417505,127.0585205,02-933-4591
노원아이존,정신재활시설,"서울특별시 노원구 한글비석로 326, 3층",서울,37.65652305,127.078327,NOT_FOUND
노원희망공간이룸,정신재활시설,"서울특별시 노원구 한글비석로 422, 2층(상계동)",서울,37.66202644,127.0702996,02-939-4200
노정신건강의학과의원,기초정신건강복지센터,서울특별시 마포구 성산로4길 15 3층,서울,37.56336849,126.9078957,02-365-8558
논산시 정신건강복지센터,기초정신건강복지센터,충청남도 논산시 논산대로382,충청남도,36.19607739,127.1035647,041-746-8121
논산정신요양원,정신요양시설,충청남도 논산시 상월면 월오1길 54,충청남도,36.30485106,127.1282027,
누리봄,정신재활시설,서울특별시 광진구 용마산로 25길 10,서울,37.56676993,127.0858887,010-3131-2868
늘푸른집,정신재활시설,서울특별시 도봉구 시루봉로 295-3,서울,37.67155073,127.0418122,02-2038-2165
늘푸른집,정신재활시설,세종특별자치시 연서면 효교로 135-22,세종,36.57202749,127.237946,02-2038-2165
늘푸름,정신재활시설,경기도 오산시 은여울로 59,경기,37.15959976,127.0726454,061-285-2244
닛시복지마을,정신재활시설,충청북도 괴산군 문광면 흑석2길 20-148,충청북도,36.74869691,127.8236665,043-833-7549
다솜,정신재활시설,서울특별시 구로구 고척로 10길 9-5,서울,37.4989017,126.8418219,
다솜,정신재활시설,대전광역시 유성구 은구비남로 55 ,대전,36.37342411,127.3209129,
다온집,정신재활시설,경기도 안양시 만안구 양화로106번길 8402호,경기,,,010-2277-7501
다옴공동체,정신재활시설,대전광역시 유성구 원내로 9-8,대전,36.29969597,127.3171671,042-545-6567
다우리공동생활가정,정신재활시설,충청남도 천안시 동남구 고재15길 19-4,충청남도,36.80144461,127.161271,041-622-3651
다원공동체,정신재활시설,대전광역시 유성구 진잠옛로 135번길 115,대전,,,NOT_FOUND
다정다감 ,정신재활시설,"경기도 평택시 점촌1로 6번길 60, 신성공원빌라 302호(서정동)",경기,37.06100175,127.0577358,010-6230-2034
다정이네,정신재활시설,"서울특별시 종로구 세검정로 7가길 18, 301호",서울,37.60237229,126.9589815,010-2792-9140
다함정신건강 상담센터,정신재활시설,"서울특별시 성북구 보문로34길 39, 4층",서울,37.59076885,127.0174579,02-926-2172
단국대학교 의과대학 부속병원,기초정신건강복지센터,경기도 안성시 강변로 74번길 18 안성시보건소 4층,경기,37.00016961,127.2698131,1588-0063
단양군 정신건강복지센터,기초정신건강복지센터,충청북도 단양군 단양읍 삼봉로 53,충청북도,36.9815125,128.350242,043-420-3243
달구벌정신 건강센터,정신재활시설,"대구광역시 동구 신성로 63, 3층(신암동)",대구,35.88045016,128.6133638,053-941-8816
달성정신재활센터 해피하우스,정신재활시설,"대구광역시 달성군 화원읍 성화로 20, 2층",대구,35.80088137,128.4905856,053-638-7009
달팽이의 꿈,정신재활시설,경기도 안성시 금광면 배티로 702-16,경기,36.97794644,127.3088146,031-676-1060
담양군 정신건강복지센터,기초정신건강복지센터,전라남도 담양군 담양읍 완동길 10-11,전라남도,35.32502795,126.9812397,061-380-2972
담쟁이,정신재활시설,경기도 성남시 중원구 자혜로 16번길 45-6 202호 럭키아트빌,경기,37.44644845,127.159852,02-797-9288
당진시 정신건강복지센터,기초정신건강복지센터,충청남도 당진시 서부로 56,충청남도,36.88735969,126.6304725,041-352-4071
대구가톨릭 사회복지회,중독관리통합지원센터,대구광역시 달서구 학산로 50 ,대구,35.82888651,128.534465,053-253-9991
대구가톨릭 사회복지회,중독관리통합지원센터,경상북도 구미시 검성로 115-1,경상북도,36.11827362,128.429909,053-253-9991
대구가톨릭대학교,기초정신건강복지센터,"대구광역시 동구 동촌로79, 동구보건소4층 ",대구,35.88812209,128.6512166,053-660-5100
대구가톨릭대학교의료원,광역정신건강복지센터,대구광역시 남구 두류공원로 17길 대구가톨릭대학교병원 내 라파엘관 5층,대구,,,053-710-2785
대구광역시립희망원 아름마을,정신요양시설,대구광역시 달성군 화원읍 명천로 58,대구,35.80383523,128.5095826,NOT_FOUND
대구광역자살예방센터,자살예방센터,대구광역시 남구 두류공원로 17길 33 대구가톨릭대학교병원 라파엘관 5층,대구,35.84418911,128.5658257,053-256-0199
대구대학교 정신건강상담센터,정신재활시설,경상북도 경산시 진량읍 대구대로 201 대구대학교 경산캠퍼스 조형예술대학 3호관 1층,경상북도,35.90453897,128.8428133,053-425-0425
대구위니스,정신재활시설,대구광역시 북구 옥산로 49 상미빌딩 3층,대구,35.88564045,128.5812584,NOT_FOUND
대구의료원,기초정신건강복지센터,대구광역시 서구 북비산로71길7 2층,대구,35.88016148,128.5723999,053-560-7575
대구재활센터,정신재활시설,대구광역시 달서구 성서공단북로 124,대구,35.84419525,128.4861927,053-582-5827
대구정신병원,기초정신건강복지센터,대구광역시 달서구 학산로 50 월성문화관 내,대구,35.82888651,128.534465,053-630-3000
대구정신장애인 종합재활센터 미래엔미소클럽,정신재활시설,"대구광역시 서구 옥산로 6길 9, 4층",대구,35.88572216,128.5788843,NOT_FOUND
대길엘림,정신재활시설,"서울특별시 금천구 시흥대로 54길 19, 301호",서울,37.45234829,126.9027914,02-802-9910
대길푸른초장,정신재활시설,서울특별시 영등포구 영등포로 84길 4-14,서울,,,
대성그린빌,정신요양시설,경상북도 안동시 임하면 진사리길 14,경상북도,36.4808687,128.8296476,054-822-8870
대성재활센터,정신재활시설,경상북도 안동시 임하면 고곡길260,경상북도,36.48598027,128.8388785,
대원대학교 산학협력단,기초정신건강복지센터,충청북도 제천시 의림대로242 보건복지센터 3층,충청북도,37.1493417,128.2160865,
대전 중구정신건강복지센터,기초정신건강복지센터,대전광역시 중구 수도산로 15(대흥동),대전,36.32035508,127.4258845,
대전광역시립정신병원,기초정신건강복지센터,"대전광역시 유성구 유성대로 730번길 51, 2층",대전,36.3581193,127.3354123,042-823-9101
대전정신요양원,정신요양시설,대전광역시 동구 옥천로 315(삼정동),대전,36.32348165,127.4701198,042-284-6604
대한예수교장로회 대전노회유지재단,중독관리통합지원센터,대전광역시 서구 신갈마로 209번길 25 2층,대전,36.35215719,127.3670903,NOT_FOUND
더숲,정신재활시설,경기도 수원시 영통구 권광로 290번길 34-5,경기,37.27357481,127.0385173,041-753-9800
더하임,정신재활시설,충청남도 금산군 부리면 무금로 1425,충청남도,36.04885965,127.5596318,
도담,정신재활시설,"서울특별시 동대문구 사가정로 258, 4층",서울,37.5790999,127.073572,02-523-8886
도담도담,정신재활시설,경기도 수원시 영통구 영통로 130번길 45 102호,경기,37.23983185,127.058454,0507-1433-0771
도란도란,정신재활시설,"대전광역시 유성구 송강로 15, 104동 202호",대전,36.43230774,127.3846542,010-2525-1099
도래샘,정신재활시설,충청남도 공주시 큰우물길 3-1,충청남도,36.44586758,127.1240445,031-429-6120
도봉구 정신건강복지센터,기초정신건강복지센터,"서울특별시 도봉구 방학로3길 117, 1층",서울,37.65793243,127.0388203,02-2091-5224
도봉구정신건강복지센터(부설),자살예방센터,"서울특별시 도봉구 방학로3길 117, 1층",서울,37.65793243,127.0388203,02-2091-5224
돌봄사랑채,정신재활시설,서울특별시 광진구 아차산로 26길 28,서울,37.54025751,127.0653959,02-3409-9444
동광임파워먼트센터,정신재활시설,경기도 부천시 원미구 부일로 191번길 30 동성프라자 701/702호,경기,37.48999836,126.751575,032-323-3206
동국대학교경주병원,광역정신건강복지센터,"경상북도 경주시 동대로 87, 복지동3층",경상북도,35.85850364,129.1928772,054-748-9300
동국대학교일산병원,기초정신건강복지센터,경기도 파주시 봉천로 68 파주건강증진센터 1층,경기,37.74507907,126.8050112,1577-7000
동그라미,정신재활시설,"서울특별시 광진구 능동로 43길 30-11, 202호",서울,37.5620131,127.080159,031-354-9938
동그라미,정신재활시설,경기도 안성시 금광면 배티로 702-16,경기,36.97794644,127.3088146,031-354-9938
동대문아이존,정신재활시설,서울특별시 동대문구 답십리로 63길 73 형제빌딩 2층,서울,37.57581318,127.0689053,
동두천요양원,정신요양시설,경기도 동두천시 평화로 3208번길 43-15,경기,37.97388427,127.068871,031-867-9820
동래직업재활센터,정신재활시설,"부산광역시 금정구 중앙대로 2093, 10층",부산,35.27115241,129.0923547,051-581-4165
동산의료원,기초정신건강복지센터,대구광역시 달성군 옥포읍 비슬로 458길 6-2 3층,대구,35.78953971,128.4712812,053-250-8114
동아대학교병원,광역정신건강복지센터,부산광역시 남구 수영로 299 루미너스타원 12층 ,부산,35.13715703,129.0988652,051-240-2000
동아메디병원,기초정신건강복지센터,대구광역시 수성구 수성로 213,대구,35.84495927,128.6119385,053-780-3000
동영의료재단 상록병원,기초정신건강복지센터,부산광역시 동래구 명륜로 187번길 56 동래구보건소 4층,부산,35.21141256,129.0798533,051-555-8009
동작구 정신건강복지센터,기초정신건강복지센터,서울특별시 동작구 남부순환로 2025,서울,37.47643044,126.9736224,02-820-4072
동작아이존,정신재활시설,서울특별시 동작구 국사봉길 109,서울,37.49548953,126.9321802,02-817-5443
동해동인병원,기초정신건강복지센터,강원도 동해시 청운로 96(쇄운동) 1층,강원,37.48854797,129.1026904,033-530-0114
동해동인병원,기초정신건강복지센터,강원도 삼척시 척주로 76,강원,37.44393348,129.1720893,033-530-0114
동해동인병원,기초정신건강복지센터,"강원도 태백시 태백로 905(황지동,보건소)",강원,37.17660158,128.992496,033-530-0114
동행,정신재활시설,대전광역시 중구 유천로 48번길 31(유천동),대전,36.31755413,127.3996295,1588-6450
동행,정신재활시설,전라북도 임실군 임실읍 호국로 1716-15,전라북도,35.61447882,127.2899891,1588-6450
두드림마음건강센터,정신재활시설,"서울특별시 양천구 등촌로 194, 4층",서울,37.54703351,126.8631921,02-2645-1941
두온,정신재활시설,경기도 용인시 기흥구 상갈로23번길 2 204호,경기,37.2687593,127.1073713,02-994-5100
둥근나래꿈 남성홈,정신재활시설,"전라북도 익산시 목천로 229, 3층",전라북도,35.93042416,126.9467599,NOT_FOUND
둥근나래꿈 여성홈,정신재활시설,"전라북도 익산시 목천로 229, 3층",전라북도,35.93042416,126.9467599,070-4099-3934
둥근마음,정신재활시설,전라북도 익산시 목천로 229,전라북도,35.93042416,126.9467599,063-841-6446
드림빌1,정신재활시설,대구광역시 남구 중앙대로26길 13 하이디빌 301호,대구,35.84598853,128.5920524,
드림빌2,정신재활시설,대구광역시 남구 중앙대로26길 13 하이디빌 201호,대구,35.84598853,128.5920524,
드림하우스(구 사랑마을),정신재활시설,서울특별시 중랑구 망우로74가길 9,서울,37.59859133,127.1047097,
디딤돌,정신재활시설,"서울특별시 도봉구 도당로 27길 47, 2층",서울,37.66949812,127.0407681,051-865-8777
디딤터,정신재활시설,충청북도 청주시 서원구 현도면 우록4길126,충청북도,36.504372,127.44332,02-974-5900
라온 ,정신재활시설,경기도 포천시 삼육사로 2029 엘리트빌리지 가동,경기,37.86231655,127.1451354,051-631-2121
라온의 집,정신재활시설,충청남도 홍성군 홍성읍 대내길 97번지,충청남도,36.61272848,126.6744685,041-631-2610
라파의 집,정신재활시설,충청북도 증평군 증평읍 외룡길32-24,충청북도,36.77367531,127.6150319,064-767-1432
로뎀나무,정신재활시설,"서울특별시 서대문구 증가로24마길 19, 101호",서울,37.58284081,126.9172955,02-755-5711
리앤리,정신재활시설,인천광역시 연수구 한나루로 186번길 54,인천,37.42466222,126.6578297,031-580-9000
리커버리하우스,정신재활시설,"서울특별시 관악구 남부순환로172길 116(신림동), 2층",서울,37.48218375,126.9194582,02-877-9984
마산정신요양원,정신요양시설,경상남도 창원시 마산합포구 진북면 진북산업로622-60,경상남도,35.16844201,128.4736608,055-271-4664
마야정신요양원,정신요양시설,경상북도 영천시 북안면 내서로 55-24,경상북도,35.91004426,129.016331,054-333-5006
마음건강,정신재활시설,전라북도 전주시 완산구 권삼득로 40 (1층),전라북도,35.82586694,127.1485741,
마음건강복지관,정신재활시설,전라북도 전주시 완산구 물왕멀2길 20-29 (2~5층),전라북도,35.82682493,127.149552,063-232-5558
마음건강회복홈,정신재활시설,전라북도 전주시 완산구 물왕멀2길 25,전라북도,35.82729826,127.148692,NOT_FOUND
마음건강힐링홈,정신재활시설,전라북도 전주시 완산구 물왕멀2길 20-17,전라북도,35.82685813,127.149164,NOT_FOUND
마음사랑의집,정신재활시설,전라북도 정읍시 수성택지3길 28,전라북도,35.57891151,126.8576475,063-533-8233
마음샘정신재활센터,정신재활시설,경기도 수원시 장안구 경수대로 754번길 26-17,경기,37.291576,127.0239736,031-242-0877
마음애병원,기초정신건강복지센터,"충청남도 천안시 서북구 서부8길 29, 2층",충청남도,36.8197755,127.1398835,041-566-5119
마음자리,정신재활시설,"서울특별시 양천구 목동 중앙남로 16다길 9, 204호",서울,37.5433837,126.8651094,02-2691-4365
마음자리,정신재활시설,"인천광역시 남동구 경인로 599번길 26-6 좋은하루 다동 201, 202호",인천,37.46597907,126.704711,02-2691-4365
마음터,정신재활시설,"충청남도 천안시 서북구 서부8길 10, 3층",충청남도,36.81900093,127.1375433,041-592-7522
마음편한집,정신요양시설,충청남도 천안시 동남구 동면 동산행암길 44-67,충청남도,36.78968266,127.3621582,010-5312-1436
마인드,정신재활시설,"서울특별시 동대문구 전농로 38길 35, 2,3층",서울,,,02-839-1220
마인드병원,중독관리통합지원센터,"대전광역시 대덕구 중리서로 42, 3층 (중리동)",대전,36.36254039,127.4219324,042-528-6550
마중물,정신재활시설,대전광역시 대덕구 중리동로 27번길 14-11,대전,36.36202912,127.4286258,
맑은샘,정신재활시설,"서울특별시 강동구 구천면로 28길 21, 401호(천호동)",서울,37.54005505,127.1294975,
맑은샘사회복귀시설,정신재활시설,광주광역시 서구 독립로 200,광주,35.15052059,126.9064254,02-6012-7963
멋진월요일,정신재활시설,서울특별시 성동구 성덕정길 116 4층,서울,37.53678979,127.0561894,070-8633-9051
메리놀병원,기초정신건강복지센터,"부산광역시 중구 중구로 70-1, 4층",부산,35.1037285,129.0290214,051-465-8801
명지병원,기초정신건강복지센터,서울특별시 강서구 공항대로 561 강서구보건소 지하1층,서울,37.5496484,126.8682802,031-810-5114
목동하늘샘,정신재활시설,"서울특별시 양천구 목동 중앙남로 9길 28-1, 201호",서울,37.53819558,126.8648912,02-2678-1048
목포시 정신건강복지센터,기초정신건강복지센터,전라남도 목포시 석현로48(2층),전라남도,34.81668557,126.4261506,061-276-0199
목포시 중독관리통합지원센터,중독관리통합지원센터,전라남도 목포시 석현로 48(하당보건지소),전라남도,34.81668557,126.4261506,061-284-9694
목화밭,정신재활시설,"경기도 남양주시 경춘로양골2길 11-6, B동 201호(금곡동)",경기,37.63752283,127.213782,062-400-3579
무안군 정신건강복지센터,기초정신건강복지센터,전라남도 무안군 무안읍 무안로 530,전라남도,34.99104614,126.481899,
무주군 정신건강복지센터,기초정신건강복지센터,전라북도 무주군 무주읍 한풍루로 413,전라북도,36.00590333,127.6716763,063-320-8333
무주리(술없는마을),정신재활시설,"강원도 동해시 월평로49, 규수방 아파트 102동 504호",강원,37.49331208,129.0554913,
무지개둥지,정신재활시설,서울특별시 은평구 연서로 45-2,서울,37.60332412,126.9152344,NOT_FOUND
무지개마을,정신요양시설,제주특별자치도 제주시 아봉로 449-1 (월평동),제주,33.47093692,126.5818743,
문경대학교,기초정신건강복지센터,경상북도 문경시 신흥로 165(2층),경상북도,36.5957662,128.2023884,054-559-1114
미래병원,기초정신건강복지센터,전라북도 김제시 성산길 138,전라북도,35.80080107,126.8832904,051-523-3200
미래지움,정신재활시설,대구광역시 북구 대학로 61-1,대구,35.8917582,128.607147,053-352-8312
미추홀하우스,정신재활시설,인천광역시 미추홀구 경인로 268번길 33-13,인천,37.46107775,126.669841,032-437-9999
민들레병원,중독관리통합지원센터,경기도 파주시 조리읍 봉천로 68,경기,37.74507907,126.8050112,031-947-6400
밀양시 정신건강복지센터,기초정신건강복지센터,경상남도 밀양시 삼문중앙로 41,경상남도,35.48567011,128.7560608,055-359-7078
바람숲,정신재활시설,"경기도 김포시 대서명로 8번길 21, 형우이즈뷰 나동",경기,37.69764731,126.6066427,070-4109-6280
박애원,정신요양시설,경기도 고양시 일산동구 상지석길 441,경기,37.72682151,126.7949398,031-977-5280
밝은길,정신재활시설,"서울특별시 중랑구 상봉중앙로 5가길 48, 2층",서울,37.60116879,127.0849784,
밝은세상,정신재활시설,대전광역시 중구 대종로449 (대흥동),대전,36.32480407,127.4277866,051-805-1100
방주의 집,정신요양시설,세종특별자치시 전동면 솔티로 293-3,세종,36.62225928,127.2195876,044-862-7000
버팀목,정신재활시설,대전광역시 중구 문창로 123(문창동),대전,36.32371911,127.4307323,
벌교삼호병원,기초정신건강복지센터,전라남도 보성군 송재로 153. 2층,전라남도,34.77021733,127.0790385,061-859-5000
베네스트마음 건강센터,정신재활시설,"대구광역시 달서구 학산로246(송현2동), 삼정빌딩 2층",대구,35.83354423,128.5532749,053-635-5865
벧엘의사닥다리,정신재활시설,경상북도 포항시 남구 청림서길 35번길 2 미성빌라 403호,경상북도,35.99682015,129.4099056,NOT_FOUND
벧엘클럽하우스,정신재활시설,경상남도 양산시 상북면 수서로 349-94,경상남도,35.44082596,129.0345254,055-387-6127
별뜰,정신재활시설,충청북도 옥천군 옥천읍 삼청3길 40,충청북도,36.25983844,127.5717456,02-2603-2231
별자리,정신재활시설,강원도 원주시 소초면 둔둔로 217-19,강원,37.43937061,127.9877955,032-751-3351
보금자리,정신재활시설,"대전광역시 유성구 유성대로 694번길 95, 3층(봉명동)",대전,36.35409898,127.3368841,
보금자리,정신재활시설,충청남도 아산시 초사길 3-88,충청남도,36.75155004,126.9719246,
보듬자리,정신재활시설,부산광역시 금정구 금샘로 52,부산,,,NOT_FOUND
보람의집,정신재활시설,충청남도 논산시 연산면 한전2길 45-13,충청남도,36.20508649,127.1872081,062-944-2506
보령시 정신건강복지센터,기초정신건강복지센터,충청남도 보령시 보령남로 234,충청남도,36.32450916,126.6023712,041-930-4184
보배정신건강상담센터,정신재활시설,전라북도 익산시 인북로2길 53,전라북도,35.92850583,126.9548246,063-857-4031
보은병원,중독관리통합지원센터,광주광역시 광산구 상무대로 239-1,광주,35.14062257,126.793246,061-370-3000
보은병원,기초정신건강복지센터,전라남도 화순군 화순읍 쌍충로 62 화순군보건소 3층,전라남도,35.05713067,126.9820135,061-370-3000
보은성모병원,기초정신건강복지센터,충청북도 보은군 보은읍 동광길 45,충청북도,36.48599373,127.7167704,043-544-7444
복지와 사람들,중독관리통합지원센터,"서울특별시 구로구 새말로 60, 재중요양병원 별관 지층",서울,37.50322479,126.8866391,02-446-2199
부산광역시 정신재활시설,정신재활시설,부산광역시 사상구 학감대로 39번길 104-36 3층(학장동),부산,35.13290944,128.9950514,051-710-7750
부산광역자살예방센터,자살예방센터,부산광역시 남구 수영로 299 루미너스빌딩 12층,부산,35.13715703,129.0988652,051-242-2575
부산대학교 산학협력단,기초정신건강복지센터,부산광역시 북구 만덕대로 89번길 9,부산,35.21284774,129.0142416,
부산대학교병원,중독관리통합지원센터,부산광역시 서구 구덕로 179 융합의학연구동 2층,부산,35.10112888,129.0192443,051-240-7000
부산소테리아하우스,정신재활시설,부산광역시 사상구 삼덕로 59(덕포동),부산,35.17423833,128.983361,051-302-0655
부산시립정신병원,중독관리통합지원센터,"부산광역시 사상구 모라로110번길 85, 주공1단지 나상가 2층 (모라동)",부산,35.18464377,128.9954736,051-312-2288
부산정신병원,기초정신건강복지센터,"부산광역시 사하구 장림번영로 41, 한국메디컬빌딩 5층",부산,35.08083854,128.9699361,051-263-8891
부여군 정신건강복지센터,기초정신건강복지센터,충청남도 부여군 부여읍 성왕로 205,충청남도,36.28293864,126.9094144,041-830-8622
부천공동희망학교,정신재활시설,경기도 부천시 수도로 40-1 2층,경기,,,032-679-1901
부천시자살예방센터,자살예방센터,경기도 부천시 성오로 172 오정 어울마당 3층,경기,37.52834682,126.7960266,032-654-4024
부평정신건강복지센터,기초정신건강복지센터,"인천광역시 부평구 부흥로 287, 보건소 별관2층",인천,37.49893417,126.7237825,032-330-5602
부활원,정신요양시설,충청북도 옥천군 군북면 이백6길 109,충청북도,36.32769764,127.5521914,043-732-5353
분당서울대학교병원,기초정신건강복지센터,경기도 성남시 수정구 수정로218 수정구보건소 5층,경기,37.44432902,127.1440618,1588-3369
분당서울대학교병원,기초정신건강복지센터,경기도 성남시 수정구 수정로 218 수정구보건소 4층,경기,37.44432902,127.1440618,1588-3369
뷰티플마인드,정신재활시설,대전광역시 동구 비래서로42번길 134 1층,대전,36.34875926,127.4456988,02-772-9961
브솔시냇가,정신재활시설,"경상북도 포항시 남구 상공로204, 2층",경상북도,36.02212328,129.3681297,
비콘,정신재활시설,대구광역시 남구 현충로 98,대구,35.84176722,128.5802834,031-641-9501
비타민,정신재활시설,충청남도 천안시 서북구 월봉7길 54 상문빌딩 4층,충청남도,36.79168276,127.1168052,010-7197-4910
빛고을베델,정신재활시설,"광주광역시 북구 우치로 238번길 28, 드림빌 503호",광주,35.18683291,126.906578,NOT_FOUND
빛고을보건복지센터,정신재활시설,광주광역시 서구 상무대로 916번길 4-3,광주,,,NOT_FOUND
빛고을정신요양원,정신요양시설,전라남도 나주시 다도면 다도로 287-22,전라남도,34.98546561,126.8276595,061-337-3425
사람이소중한병원,기초정신건강복지센터,울산광역시 북구 산업로 1018 북구보건소 2층,울산,35.58355486,129.3607106,052-227-7511
사람이소중한병원,기초정신건강복지센터,울산광역시 중구 외솔큰길 225 중구보건소 3층,울산,35.56945595,129.3504156,052-227-7511
사랑나눔 ,정신재활시설,"경기도 화성시 복만터길 72번길, 7-18",경기,37.18358455,126.9423253,
사랑마을,정신재활시설,경상남도 진주시 문산읍 제곡길98번길 30,경상남도,35.15366988,128.174133,
사랑밭 ,정신재활시설,경기도 화성시 10용사로 661-69,경기,37.18989138,127.0826351,02-2612-4400
사랑샘,정신재활시설,전라남도 순천시 강변로977,전라남도,34.97210296,127.4872916,041-641-2598
사랑의집,정신재활시설,경상북도 김천시 어모면 신애길142,경상북도,36.20982342,128.0527753,031-765-6662
사랑채,정신재활시설,대전광역시 서구 정림동로 29-11(정림동),대전,36.30540297,127.3686682,061-333-0116
사직클럽하우스,정신재활시설,부산광역시 동래구 쇠미로 179 1층(온천동),부산,35.20644299,129.0625274,051-503-8785
사천시 정신건강복지센터,기초정신건강복지센터,경상남도 사천시 용현면 진삼로 637,경상남도,35.01374203,128.0612598,055-831-2795
산청군 정신건강복지센터,기초정신건강복지센터,경상남도 산청군 산청읍 중앙로 97,경상남도,35.4160819,127.8842361,055-970-7637
삼정원,정신요양시설,전라북도 익산시 금마면 쌍능길 145,전라북도,35.98577949,127.0318806,063-836-7021
상록원,정신요양시설,충청북도 청주시 상당구 산성로 658번길 301 ,충청북도,36.64238283,127.5401605,02-584-7097
상주제일병원,기초정신건강복지센터,경상북도 상주시 경상대로3023,경상북도,36.41691359,128.1508521,054-530-9000
새동네,정신재활시설,경기도 오산시 현충로 72번길 14 우성그린빌라 104동 102호,경기,37.16173824,127.0751026,
새로돋는집,정신재활시설,"서울특별시 관악구 대학 18길 41, 401호",서울,37.46396433,126.9366235,02-872-9961
새롬마을,정신재활시설,"서울특별시 노원구 동일로 237다길 43, 201호(상계동)",서울,37.67549005,127.0524786,02-2689-5588
새롬채,정신재활시설,전라남도 영광군 영광읍 신남로 264-4,전라남도,35.27465138,126.5102151,NOT_FOUND
새마음정신문화센터,정신재활시설,"울산광역시 남구 화합로 105, 로하스빌딩 6층",울산,35.53409029,129.3406331,052-275-1116
새벗클럽하우스,정신재활시설,"서울특별시 강서구 강서로52길 88 참빛빌딩 3, 4층",서울,37.55727952,126.8430955,02-3662-9004
새봄,정신재활시설,경기도 수원시 팔달구 경수대로 480번길 11-1,경기,37.26889905,127.0282209,051-503-8288
새빛병원,기초정신건강복지센터,경상북도 경주시 양저로 300(경주시 보건소 2층),경상북도,,,043-234-7509
새샘병원,기초정신건강복지센터,경기도 과천시 관문로 69 과천시보건소 1층,경기,37.43022157,126.9867975,031-307-7997
새오름터,정신재활시설,서울특별시 은평구 연서로22길 4(대조동),서울,37.61507616,126.9185486,02-3157-0885
새움병원,기초정신건강복지센터,서울특별시 금천구 시흥대로 123길 11 5층,서울,37.47021905,126.8970437,1577-7015
새희망둥지,정신재활시설,경기도 고양시 일산동구 상지석길 443,경기,37.72635158,126.7960429,031-977-9780
새희망병원,중독관리통합지원센터,"인천광역시 남동구 구월로 320, 4층",인천,37.45523947,126.7260656,032-431-2555
새희망재활센터,정신재활시설,경상북도 영주시 반지미로 275-11,경상북도,36.8256361,128.5974213,
새희망힐링스,정신요양시설,경상북도 영주시 반지미로 275-15,경상북도,36.82545258,128.5964272,054-635-0055
생림정신요양원,정신요양시설,경상남도 김해시 생림면 인제로775,경상남도,35.29387407,128.8830694,
생명의터,정신재활시설,대전광역시 동구 동부로56-7(판암동) 56-7,대전,,,042-274-1982
샤론의집,정신재활시설,충청남도 예산군 예산읍 간양길 256,충청남도,36.72531055,126.8773211,010-8676-5948
샹가,정신재활시설,"서울특별시 서대문구 증가로10길 16-4, 302호",서울,37.57801853,126.9234598,031-425-1355
서귀포시 정신건강복지센터,기초정신건강복지센터,제주특별자치도 서귀포시 중앙로 101번길 52 서귀포보건소,제주,33.25348127,126.5553573,064-760-6553
서귀포시 중독관리통합지원센터,중독관리통합지원센터,제주특별자치도 서귀포시 중앙로 101번길 52,제주,33.25348127,126.5553573,NOT_FOUND
서대문 해벗누리,정신재활시설,서울특별시 서대문구 모래내로173,서울,37.57126029,126.919841,02-375-5042
서대문구 정신건강복지센터,기초정신건강복지센터,"서울특별시 서대문구 연희로 290, 4층",서울,37.58292926,126.9364454,02-3140-8081
서대문아이존,정신재활시설,서울특별시 서대문구 연희로26 동방사회복지회 2층 ,서울,37.56099761,126.9271062,02-332-8033
서로돕는마을,정신재활시설,전라북도 김제시 금구면 낙산1길46,전라북도,35.80774072,127.0029617,
서산시 정신건강복지센터,기초정신건강복지센터,충청남도 서산시 호수공원6로 6,충청남도,36.77457758,126.4445147,041-661-6547
서울다르크,정신재활시설,서울특별시 양천구 목동 중앙본로 7가길 19-7 다나네스트빌 103호,서울,37.54021869,126.8668811,070-7363-2878
서울대병원,기초정신건강복지센터,서울특별시 종로구 성균관로 15길 10,서울,37.59007338,126.9976334,1588-5700
서울대병원,기초정신건강복지센터,서울특별시 중구 서소문로 6길 16 3층,서울,37.55943026,126.9662595,1588-5700
서울시립 영보정신요양원,정신요양시설,경기도 용인시 처인구 이동읍 이원로 483,경기,37.16905123,127.2398561,031-323-5703
서울시자살예방센터,자살예방센터,"서울특별시 구로구 가마산로 272, 5층",서울,37.49573005,126.8906612,02-3458-1000
서울우리집,정신재활시설,"서울특별시 강동구 상일로 25길 7-12, 201호",서울,37.56095921,127.1699103,02-508-7856
서울의료원,광역정신건강복지센터,"서울특별시 종로구 동숭3길 40 일석기념관 3,4층",서울,37.58289104,127.0048184,02-2276-7000
서울의료원,기초정신건강복지센터,서울특별시 중랑구 면목로238 중랑구민회관 1층,서울,37.57395395,127.0851055,02-2276-7000
서울정신요양원,정신요양시설,경기도 양주시 장흥면 가마골로 258번길122,경기,37.74129524,126.9837412,031-826-3300
서인병원,기초정신건강복지센터,강원도 양구군 양구읍 관공서로42 보건소4층,강원,38.10997712,127.9892042,033-261-0999
서진복지재단,중독관리통합지원센터,"서울특별시 도봉구 방학로 53, 백윤빌딩 2층",서울,37.66253894,127.0463958,063-256-5151
서진복지재단,기초정신건강복지센터,인천광역시 부평구 삼산동 평천로447 ,인천,37.51796068,126.7404915,063-256-5151
서천군 정신건강복지센터,기초정신건강복지센터,충청남도 서천군 서천읍 사곡길 26,충청남도,36.08213429,126.6894386,041-950-6700
서초구 정신건강복지센터,기초정신건강복지센터,서울특별시 서초구 염곡말길 9 느티나무쉼터 3층,서울,37.46182406,127.050699,02-2155-8215
서초아이존,정신재활시설,서울특별시 서초구 방배로173 지하1층,서울,37.48900761,126.9922424,02-535-2940
서초열린세상,정신재활시설,"서울특별시 서초구 신반포로33 길22, 반포종합사회 복지관410호",서울,37.50995205,127.0109937,02-3477-9817
서희,정신재활시설,경기도 수원시 팔달구 동말로47번길 33-1,경기,37.27995547,126.9986147,031-846-5151
선재원,정신재활시설,충청남도 천안시 동남구 청수7로 9-4,충청남도,36.7835615,127.1604621,031-916-8686
섭리가정,정신재활시설,"대전광역시 서구 관저로83, 신선마을아파트 205동 201호",대전,36.30038256,127.3314927,032-773-0665
섭리그룹홈,정신재활시설,"대전광역시 서구 관저로 48, 구봉마을 704동 101호",대전,36.29733449,127.3273024,NOT_FOUND
섭리행복가정,정신재활시설,"대전광역시 서구 관저로 48, 구봉마을 702동 309호",대전,36.29733449,127.3273024,NOT_FOUND
성남사랑의병원,중독관리통합지원센터,경기도 성남시 수정구 수정로 218 수정구보건소 5층,경기,37.44432902,127.1440618,031-756-3024
성남시자살예방센터,자살예방센터,경기도 성남시 수정구 수정로 218 수정구보건소 5층,경기,37.44432902,127.1440618,031-780-7000
성동병원,기초정신건강복지센터,"대구광역시 북구 성북로 43, 4층",대구,35.89160611,128.5882706,053-325-0009
성모 다움,정신재활시설,서울특별시 성동구 청계천로 506 성동종합사회복지관 4층,서울,37.57022302,127.0334402,02-2290-3159
성부정신수양원,정신요양시설,대구광역시 북구 복현로 34길 18-17,대구,35.903393,128.6211724,053-382-2915
성북구 정신건강복지센터,기초정신건강복지센터,서울특별시 성북구 화랑로 63,서울,37.60276167,127.039514,02-2241-6314
성북구자살예방센터,자살예방센터,"서울특별시 성북구 오패산로 21, 4층",서울,37.60411944,127.0370684,02-916-9119
성산정신요양원,정신요양시설,전라남도 무안군 삼향읍 유교길 101,전라남도,34.85142562,126.4389287,061-280-6530
성안드레아병원,기초정신건강복지센터,경기도 이천시 이섭대천로1119 이천상공회의소 2층 ,경기,37.27052329,127.4454558,NOT_FOUND
성애원,정신요양시설,울산광역시 울주군 남명리1길 34-48,울산,35.71193823,129.2066576,051-582-4287
성은의료재단 연산병원,기초정신건강복지센터,"부산광역시 연제구 연제로 2, 연제구보건소 2층",부산,35.17621174,129.0797456,NOT_FOUND
성일유엔아이,정신재활시설,전라북도 남원시 사매면 춘향로 822-129,전라북도,35.47626145,127.3692375,063-634-2344
성주군 정신건강복지센터,기초정신건강복지센터,경상북도 성주군 성주읍 성밖숲길 12,경상북도,35.91738188,128.2786954,054-930-8116
성지드림빌,정신요양시설,충청남도 논산시 연산면 한전2길 45-14,충청남도,36.20525616,127.1866506,041-735-0307
세광정신요양원,정신요양시설,경기도 용인시 처인구 백암면 용천로 71번길 54,경기,37.12138971,127.3655466,031-332-4456
세움공동체,정신재활시설,충청남도 계룡시 엄사면 번영8길 15-2,충청남도,36.2881346,127.2338414,
세잎클로버,정신재활시설,대구광역시 동구 해동로 8길 41(지저동),대구,35.89474006,128.6356814,
세친구,정신재활시설,경기도 부천시 송내대로 42번길 62 나동 410호,경기,,,041-663-3747
소담,정신재활시설,"서울특별시 강북구 한천로 166길 30, 3층(수유동)",서울,37.6476602,127.0186205,070-4047-6000
소망나래,정신재활시설,충청북도 청주시 서원구 수영로59번길 18-1(수곡동),충청북도,36.61654533,127.4927197,043-296-0901
소망나무,정신재활시설,서울특별시 광진구 능동로 50길 8 2층,서울,37.56391951,127.0837975,02-6403-7776
소망의집,정신요양시설,인천광역시 서구 심곡로 132번길 22,인천,37.54553472,126.6845891,
소망의집,정신재활시설,대전광역시 서구 실미길 116(우명동),대전,36.22320238,127.2992626,
소망의집,정신재활시설,전라북도 진안군 진안읍 원반월안길 39-2,전라북도,35.7607661,127.4405464,
소망홈,정신재활시설,서울특별시 광진구 천호대로 113길 29,서울,37.55851024,127.0836136,
소명,정신재활시설,충청남도 천안시 동남구 양지4길 47,충청남도,36.81122217,127.1370925,064-721-8181
소중한사람들,정신재활시설,경상북도 칠곡군 왜관읍 금남5길 60,경상북도,35.92601544,128.4135367,02-365-9106
소화누리,정신요양시설,광주광역시 남구 용대로74번길 27,광주,35.12108518,126.9206174,062-675-4024
소화햇살둥지,정신재활시설,"광주광역시 남구 봉선1로 86, 모아아파트 102동 817호",광주,35.12748492,126.9147207,NOT_FOUND
속초시정신건강복지센터,기초정신건강복지센터,강원도 속초시 중앙로17번길 6 (교동) ,강원,38.19880042,128.5789197,033-633-4088
송광정신재활센터,정신재활시설,광주광역시 광산구 우산로 17,광주,35.15982377,126.8041467,
송국클럽하우스,정신재활시설,부산광역시 해운대구 우동1로 57 대영빌딩 2.3층,부산,35.16668968,129.1574513,051-747-0578
송원정신요양원,정신요양시설,경상남도 양산시 하북면 양산대로 1870-63,경상남도,35.43088556,129.0713291,055-375-1799
송이네집,정신재활시설,서울특별시 광진구 능동로 48 가길 7-11,서울,37.56268019,127.0856811,061-654-7035
송추정신병원,기초정신건강복지센터,경기도 양주시 삼숭로 61번길10,경기,,,031-826-1300
송파구 정신건강복지센터,기초정신건강복지센터,서울특별시 송파구 양산로 5,서울,37.48977029,127.142671,02-2147-5030
송파구정신건강복지센터,자살예방센터,서울특별시 송파구 양산로 5,서울,37.48977029,127.142671,02-2147-5030
송파아이존,정신재활시설,서울특별시 송파구 장지동 충민로 6길 17,서울,37.48275713,127.1340442,02-2144-1140
송파어우러기,정신재활시설,"서울특별시 송파구 백제고분로 446, 204호",서울,37.5104581,127.1127441,02-488-2228
수린목,정신재활시설,서울특별시 구로구 고척로3길 99 대하쉐르빌 9동 101호,서울,37.49799606,126.8363659,041-688-6227
수성베네스트,정신재활시설,대구광역시 수성구 수성로 285,대구,35.85101799,128.6130288,053-762-5866
수원시성인정신건강복지센터,기초정신건강복지센터,경기도 수원시 팔달구 매산로 89 2층 ,경기,37.27049849,127.0106742,031-247-0888
수원시자살예방센터,자살예방센터,경기도 수원시 팔달구 동말로 47번길 17,경기,37.27939629,126.999359,031-214-7942
수인복지재단,중독관리통합지원센터,대구광역시 동구 아양로 246-1(3층),대구,35.88691186,128.6399924,031-703-3238
순천시 정신건강복지센터,기초정신건강복지센터,전라남도 순천시 중앙로 232 순천시보건소 3층,전라남도,34.96674779,127.4860333,061-749-6695
순천향대학교부속 부천병원,기초정신건강복지센터,경기도 부천시 성오로 172 오정어울마당 3층,경기,37.52834682,126.7960266,032-621-5114
숭인사회복귀시설,정신재활시설,경상남도 양산시 모래들1길 91,경상남도,35.40131611,129.1471568,055-379-0220
쉐어하우스,정신재활시설,경기도 부천시 소사로126번길 59-7 2층,경기,37.47093527,126.7996197,
쉼터공동체,정신재활시설,대전광역시 유성구 세동로474-35,대전,36.311963,127.269919,042-825-8269
스롤라인,정신재활시설,서울특별시 용산구 백범로 90길 이레빌딩 1층,서울,,,02-701-5325
스마일빌,정신요양시설,전라북도 남원시 대면대곡 신계길397,전라북도,,,
승우정신요양원,정신요양시설,경기도 오산시 가장산업동로 69-9,경기,37.16457907,127.0421763,
시일건강타운,정신요양시설,전라남도 장성군 북하면 백양로 445,전라남도,35.4259981,126.846177,
시흥시자살예방센터,자살예방센터,경기도 시흥시 호현로 55 ,경기,37.44553633,126.7853141,031-316-6661
신생원,정신요양시설,대전광역시 유성구 진잠옛로 135번길 115,대전,,,055-283-7711
신세계효병원,기초정신건강복지센터,전라북도 부안군 부안읍 오리정로 124,전라북도,35.72286232,126.7356007,063-545-8700
신세광의료재단 세광병원,기초정신건강복지센터,울산광역시 울주군 서향교1길 67-122층,울산,,,
신한대학교,기초정신건강복지센터,경기도 동두천시 중앙로 167,경기,37.89661219,127.051717,031-870-3114
신혜힐링타운,정신요양시설,전라남도 해남군 해남읍 중앙1로 391,전라남도,34.57677331,126.5871536,061-532-4048
심경장원,정신요양시설,대전광역시 유성구 진잠옛로 222-170,대전,36.33450983,127.3243715,042-822-1601
아가페하우스,정신재활시설,"광주광역시 북구 양지택지로 37번길 30, 가람하이빌 401~404호",광주,,,010-5256-3213
아람터,정신재활시설,"경기도 수원시 장안구 광교산로 138번길34, 8동 201호",경기,37.29857065,127.0306847,051-514-6988
아름다운교회 사랑의집,정신재활시설,서울특별시 강북구 도봉로 71가길 27(수유동),서울,37.63248747,127.0220655,02-945-5443
아름다운세상,정신재활시설,서울특별시 구로구 고척로 52라길 11-23,서울,37.50145391,126.8548945,055-374-9292
아름다운세상,정신재활시설,"경기도 시흥시 군자로 466번길 37, 거모종합사회복지관 내 2층",경기,37.34486315,126.7813269,055-374-9292
아름다운세상,정신재활시설,전라북도 전주시 덕진구 아중7길 9-5,전라북도,35.83279585,127.1724366,055-374-9292
아름다운집,정신재활시설,전라북도 전주시 덕진구 인교9길11 아중지1 401호,전라북도,35.82606795,127.1740063,010-8870-9171
아름드리,정신재활시설,"서울특별시 양천구 남부순환로 59길 16-1, 201호",서울,37.53226876,126.832952,
아름드리,정신재활시설,대전광역시 중구 대흥로 87(대흥동),대전,36.32312475,127.4223328,
아미정신건강센터,정신재활시설,부산광역시 서구 아미로12번길 25,부산,35.09784594,129.0131038,051-244-2005
아산시 정신건강복지센터,기초정신건강복지센터,충청남도 아산시 번영로 224번길 20,충청남도,36.78256487,127.0146058,041-537-3453
아산시 중독관리통합지원센터,중독관리통합지원센터,충청남도 아산시 번영로 224번길 20,충청남도,36.78256487,127.0146058,
아산장애인 직업재활센터,정신재활시설,충청남도 아산시 번영로 169번길 13-1,충청남도,36.78654487,127.0097548,NOT_FOUND
아주대학교의료원,기초정신건강복지센터,"경기도 수원시 장안구 송원로101, 1층(조원동, 장안구청)",경기,37.30409473,127.0104007,1688-6114
아주대학교의료원 ,기초정신건강복지센터,경기도 수원시 팔달구 동말로 47번길 17,경기,37.27939629,126.999359,1688-6114
아주대학교의료원,기초정신건강복지센터,경기도 수원시 영통구 영통로396 (영통구보건소) 4층,경기,37.2568828,127.0697108,1688-6114
안동병원,기초정신건강복지센터,경상북도 안동시 경동로 663 남부빌딩 2층,경상북도,36.56338675,128.7304662,054-840-1004
안산시자살예방센터,자살예방센터,경기도 안산시 상록구 차돌배기로1길 5 상록수보건소 3층,경기,37.30026456,126.8450634,031-418-0123
알코올의존자 사회복귀시설 까리따스,정신재활시설,서울특별시 서초구 남부순환로 2124번지 까리따스 방배종합사회복지관 4층,서울,37.47498587,126.9843736,02-522-6004
양산부산대학교병원,중독관리통합지원센터,"경상남도 양산시 중앙로 7-32, 4층(다방동, 양산시보건복지센터)",경상남도,35.33215714,129.0379947,1577-7512
양양군정신건강복지센터,기초정신건강복지센터,양양군 양양읍 양양로 9-5(양양군보건소2층),기타,38.0778608,128.6274793,033-673-0197
양천아이존,정신재활시설,서울특별시 양천구 화곡로 47,서울,37.53961511,126.8270993,
양평군 정신건강복지센터,기초정신건강복지센터,경기도 양평군 양평읍 중앙로 111번길 34-21(3층),경기,37.49662351,127.5051583,031-771-3521
양평군자살예방센터,자살예방센터,경기도 양평군 양평읍 중앙로 111번길 34-21 3층,경기,37.49662351,127.5051583,031-770-3532
어깨동무,정신재활시설,"서울특별시 중랑구 동일로92길 39-2,1 2층",서울,,,02-493-1232
어울림,정신재활시설,"서울특별시 중랑구 용마산로331-1 401, 402",서울,,,031-967-5145
어울림,정신재활시설,"대전광역시 서구 도마로25번길 54, 201호(도마동)",대전,36.32479285,127.3732599,031-967-5145
어울림,정신재활시설,경상북도 경주시 석장1길 29-36.101호,경상북도,35.86263199,129.1873325,031-967-5145
어울림2,정신재활시설,경상북도 경주시 석장1길 29-36.405호,경상북도,35.86263199,129.1873325,
에버그린하우스,정신재활시설,서울특별시 은평구 갈현로 29길 51 예성베르빌B01호 ,서울,37.6222716,126.9112583,02-352-0079
여수시 정신건강복지센터,기초정신건강복지센터,전라남도 여수시 시청서4길 47(학동),전라남도,34.75931698,127.6603855,1577-0199
여수시 중독관리통합지원센터,중독관리통합지원센터,전라남도 여수시 시청서 4길 47,전라남도,34.75931698,127.6603855,061-659-4295
여울목,정신재활시설,"서울특별시 강서구 화곡로 13길 66-28, 301호",서울,37.54285354,126.8339862,
여주대학교 산학협력단,기초정신건강복지센터,경기도 여주시 세종로 338번지 여주대학교 대학본부 2층,경기,37.27109289,127.6363531,031-880-5571
여주시자살예방센터,자살예방센터,경기도 여주시 세종로 338,경기,37.27109289,127.6363531,031-886-3435
연세대학교 산학협력단,기초정신건강복지센터,강원도 평창군 평창읍 종부로61,강원,37.36049167,128.3888512,
연세대학교 원주산학협력단,기초정신건강복지센터,강원도 원주시 원일로139 시민문화센터 4층,강원,37.3515496,127.9468029,
연세대학교 원주산학협력단,기초정신건강복지센터,강원도 횡성군 횡성읍 횡성로 379,강원,37.48709552,127.9844168,
연세대학교 원주산학협력단,중독관리통합지원센터,강원도 원주시 원일로139,강원,37.3515496,127.9468029,
연수새누리,정신재활시설,"인천광역시 연수구 앵고개로 183, 남동부수도사업소 2층",인천,37.41213315,126.6659867,032-813-4760
열린세상,정신재활시설,"서울특별시 양천구 남부순환로 450, 301호",서울,37.52770888,126.8332043,
영광기독신하병원,기초정신건강복지센터,전라북도 고창군 전봉준로90,전라북도,35.44373997,126.6832317,061-350-7000
영광기독신하병원,기초정신건강복지센터,전라남도 영광군 영광읍 신남로 4길 17,전라남도,35.27468261,126.5041643,061-350-7000
영광사회복귀시설,정신재활시설,전라남도 영광군 영광읍 신남로 268,전라남도,35.2745153,126.5107549,NOT_FOUND
영남대학교의료원,기초정신건강복지센터,대구광역시 남구 대명2동 영선길34 남구보건소 4층,대구,35.85389994,128.5915237,1522-3114
영남정신요양원,정신요양시설,경상북도 김천시 어모면 작점로640,경상북도,36.22141229,128.055249,054-435-5877
영덕군 정신건강복지센터,기초정신건강복지센터,경상북도 영덕군 영덕읍 경동로 8367,경상북도,36.41815576,129.3676309,054-730-7161
영동군 정신건강복지센터,기초정신건강복지센터,충청북도 영동군 영동읍 반곡동길 7 영동군보건소,충청북도,36.16849628,127.7759673,043-740-5924
영등포구 정신건강복지센터,기초정신건강복지센터,"서울특별시 영등포구 당산로 123, 영등포구보건소 4층 ",서울,37.52596316,126.8963671,02-2670-4793
영등포아이존,정신재활시설,"서울특별시 영등포구 영등포로 84길 24-14, 2층",서울,37.51157802,126.9214969,02-6264-9915
영생원,정신요양시설,충청북도 옥천군 옥천읍 삼청3길 34,충청북도,36.26049944,127.5725792,031-729-3262
영양군 정신건강복지센터,기초정신건강복지센터,경상북도 영양군 영양읍 동서대로 82,경상북도,36.66194588,129.1180639,054-680-5197
영월군 정신건강복지센터,기초정신건강복지센터,강원도 영월군 영월읍 하송로 46-43 1층,강원,37.18530428,128.4615282,033-370-2556
영주시 정신건강복지센터,기초정신건강복지센터,경상북도 영주시 영주로 159번길 73 영주시치매안심센터 2층,경상북도,36.82876451,128.616018,054-639-5723
영파의료재단 마음향기병원,기초정신건강복지센터,부산광역시 금정구 중앙대로 1777 금정구청 별관 5층,부산,35.24205404,129.0924545,NOT_FOUND
예미담요양병원,기초정신건강복지센터,충청북도 진천군 진천읍 중앙북1길 11-8 진천군보건소 별관 2층,충청북도,36.86061054,127.4396598,043-215-7075
예산군 정신건강복지센터,기초정신건강복지센터,충청남도 예산군 예산읍 군청로 22,충청남도,36.68088045,126.8448499,041-339-6112
예산정신요양원,정신요양시설,충청남도 예산군 예산읍 간양길 258,충청남도,36.72533069,126.8784198,041-334-7951
예스홈,정신재활시설,서울특별시 도봉구 우이천로 38 나길 53,서울,37.65308568,127.0216155,
예천군 정신건강복지센터,기초정신건강복지센터,경상북도 예천군 예천읍 충효로 424,경상북도,36.65995549,128.4655731,054-650-8035
예체르하우스,정신재활시설,서울특별시 강서구 강서로 18아길 25-14 201호,서울,37.53665244,126.8508868,NOT_FOUND
오석산정신요양원,정신요양시설,충청남도 부여군 부여읍 청마로 61,충청남도,36.27978035,126.951648,041-835-5900
온사랑병원,중독관리통합지원센터,"부산광역시 해운대구 반송로853, 반송보건지소1층",부산,35.23004603,129.1478957,051-555-0808
완도군 정신건강복지센터,기초정신건강복지센터,전라남도 완도군 완도읍 농공단지길 34,전라남도,34.33582329,126.7313246,061-550-6745
요셉의집,정신재활시설,경상북도 청도군 이서면 서원길 3-140,경상북도,35.65675444,128.6807724,031-879-0847
요한빌리지,정신재활시설,광주광역시 남구 방림로 5(방림동),광주,35.13376576,126.9183181,062-367-3369
용산구 정신건강복지센터,기초정신건강복지센터,서울특별시 용산구 녹사평대로150 용산보건소1층,서울,37.53245229,126.9904788,02-703-8340
용산새빛,정신재활시설,서울특별시 용산구 원효로 35길 1-22 ,서울,37.53330363,126.95611,02-3438-2400
용인시정신건강복지센터(부설) 자살예방센터,자살예방센터,경기도 용인시 기흥구 신갈로 58번길 11 신갈동행정복지센터내3층,경기,37.27257613,127.1064466,NOT_FOUND
우리내꿈터,정신재활시설,"강원도 춘천시 중앙로 104-1,2층",강원,37.87721788,127.7232287,033-255-0661
우리누리,정신요양시설,대전광역시 서구 장안로 835,대전,36.19297931,127.3329864,042-585-2778
우리둥지,정신재활시설,"대구광역시 달서구 와룡로 9길 75, 파라다이스빌라 A동 505호",대구,35.83645866,128.5326076,
우리들정신건강센터,정신재활시설,충청북도 청주시 서원구 청남로 2089,충청북도,36.61874944,127.4867026,043-267-5835
우리마을,정신재활시설,"경기도 수원시 영통구 영통로 200번길 43, 영통우리빌 나동",경기,37.24452756,127.0589987,031-262-8592
우리집,정신재활시설,"서울특별시 광진구 긴고랑로36길 57-11, 202호",서울,37.55740584,127.0912295,02-508-7856
우리집,정신재활시설,경기도 용인시 처인구 금학로 277번길 8-4 우리집,경기,37.23815741,127.1948165,02-508-7856
울산대학교병원,기초정신건강복지센터,"울산광역시 동구 봉수로 155, 동구보건소 3층",울산,35.5050746,129.4164426,052-250-7000
울진군 정신건강복지센터,기초정신건강복지센터,경상북도 울진군 울진읍 읍내8길 61-8,경상북도,36.99621631,129.4045994,NOT_FOUND
원광학원,기초정신건강복지센터,전라북도 익산시 무왕로 975,전라북도,35.96099473,126.9664384,063-852-0129
원주시자살예방센터,자살예방센터,강원도 원주시 원일로 139 건강문화센터 4층,강원,37.3515496,127.9468029,033-746-0198
월산사회복귀시설,정신재활시설,인천광역시 부평구 평천로 319-5 에바다빌딩 3층,인천,37.51803287,126.7255899,032-507-4892
위드유,정신재활시설,"서울특별시 동대문구 한천로 424, 인월빌딩 4층",서울,37.59826203,127.0679971,070-4040-6860
위캔클럽,정신재활시설,"부산광역시 연제구 중앙대로 1239, 8층 위캔클럽",부산,35.1979049,129.0785744,051-507-8008
유쾌한집1,정신재활시설,서울특별시 도봉구 도봉산 3길 12-4 401호,서울,37.68694319,127.0439036,NOT_FOUND
유쾌한집2,정신재활시설,서울특별시 도봉구 도봉산 3길 12-4 401호,서울,37.68694319,127.0439036,NOT_FOUND
유쾌한집3,정신재활시설,서울특별시 도봉구 도봉산 3길 12-4 401호,서울,37.68694319,127.0439036,NOT_FOUND
유쾌한집4,정신재활시설,서울특별시 도봉구 도봉산 3길 12-4 401호,서울,37.68694319,127.0439036,NOT_FOUND
은평구 정신건강복지센터,기초정신건강복지센터,서울특별시 은평구 연서로 34길 11,서울,37.62156247,126.9276913,02-356-8683
은혜로운집,정신요양시설,서울특별시 은평구 갈현로 15길 27-1,서울,37.60788186,126.9070928,061-832-0609
은혜원,정신요양시설,경기도 화성시 장안면 포승장안로 1194-24,경기,37.07238431,126.8474631,031-351-2772
은혜의집,정신재활시설,인천광역시 강화군 내가면 고비고개로 646-2,인천,37.72914168,126.4182253,051-746-1406
을지대학교 을지병원,중독관리통합지원센터,서울특별시 노원구 노원로 16길 15 중계주공 9단지 912동 1층,서울,37.64344507,127.0733372,042-221-1659
을지대학교병원,광역정신건강복지센터,대전광역시 중구 대종로 88번길 9,대전,36.3007447,127.4532867,1899-0001
을지대학교병원,기초정신건강복지센터,"대전광역시 대덕구 석봉로 8번길 55, 별관 2층(석봉동, 대덕구보건소)",대전,,,1899-0001
음성소망병원,기초정신건강복지센터,충청북도 음성군 금왕읍 금석로 74,충청북도,36.99207422,127.5984591,043-878-4111
의령군 정신건강복지센터,기초정신건강복지센터,경상남도 의령군 의병로8길 16,경상남도,35.31777512,128.2545523,055-580-3147
의료법인 다사랑의료재단,중독관리통합지원센터,광주광역시 서구 회재로 897-1 2층,광주,35.1230853,126.8619219,062-380-3800
의료법인 연강의료재단,기초정신건강복지센터,"제주특별자치도 제주시 연삼로 264, 제주보건소 2층",제주,33.49159994,126.5202379,064-726-7900
의료법인 연강의료재단,중독관리통합지원센터,제주특별자치도 제주시 서광로 175(아세아빌딩 5층),제주,33.50031803,126.515203,064-726-7900
의료법인 예경의료재단,중독관리통합지원센터,"경상남도 창원시 마산합포구 합포로 2, 3층",경상남도,35.20265582,128.5726136,055-249-5555
의료법인 용인병원 유지재단,광역정신건강복지센터,경기도 수원시 장안구 수성로 245번길 69(정자동) 경기도의료원 2층,경기,37.2918595,126.9963807,NOT_FOUND
의료법인 청주병원,기초정신건강복지센터,충청북도 청주시 청원구 오창읍 과학산업 3로 238,충청북도,36.71040635,127.4304713,043-219-8000
의료법인용인병원 유지재단,기초정신건강복지센터,경기도 용인시 기흥구 신갈로 58번길 11,경기,37.27257613,127.1064466,NOT_FOUND
의료법인정화의료재단 김원묵기념 봉생병원,기초정신건강복지센터,부산광역시 동구 구청로1 동구의회 2층,부산,35.12929757,129.0452982,NOT_FOUND
의성군 정신건강복지센터,기초정신건강복지센터,경상북도 의성군 의성읍 안평의성로1122-30,경상북도,36.35966855,128.680977,
의정부시정신건강복지센터 부설 자살예방센터,자살예방센터,경기도 의정부시 범골로 131,경기,37.73615933,127.0395595,NOT_FOUND
이대목동병원,기초정신건강복지센터,서울특별시 양천구 목동서로 339 양천구보건소 지하1층,서울,37.51770616,126.8657394,1666-5000
이레,정신재활시설,"경기도 의정부시 호국로 1304, 제이에스 베네스트 301호",경기,37.74341757,127.0490733,
이음,정신재활시설,서울특별시 강동구 성내2동 136-18,서울,37.53414894,127.1261337,
이음병원,중독관리통합지원센터,경기도 안양시 만안구 문예로 48 안양시 만안구보건소 5층,경기,37.38584733,126.9329445,031-212-1500
이천시자살예방센터,자살예방센터,경기도 이천시 증일동 이섭대천로 1119 2층 ,경기,37.27052329,127.4454558,031-637-2330
인광희망의샘,정신재활시설,광주광역시 동구 금남로170-24,광주,35.15222719,126.9112858,062-233-4006
인산의료재단 전라북도 마음사랑병원,기초정신건강복지센터,전라북도 완주군 봉동동서로 89,전라북도,35.93733207,127.162098,NOT_FOUND
인선요양원,정신요양시설,전라남도 순천시 매봉길30,전라남도,34.96568756,127.5379941,031-673-0836
인제군 정신건강복지센터,기초정신건강복지센터,강원도 인제군 인제읍 인제로140번길 34,강원,38.06325619,128.1685465,033-461-7427
인제대학교 부산백병원,기초정신건강복지센터,부산광역시 부산진구 시민공원로 30 부산진구청 별관 건강증진센터 내 2층,부산,35.16283064,129.0531883,051-890-6114
인제대학교 산학협력단,기초정신건강복지센터,부산광역시 서구 부용로 30 서구보건소 2층 202호,부산,35.10743603,129.0180384,055-320-3923
인제대학교 일산백병원,기초정신건강복지센터,경기도 고양시 일산동구 중앙로 1228 동구보건소 2층,경기,37.65598041,126.7761487,031-910-7000
인제대학교 일산백병원,기초정신건강복지센터,"경기도 광명시 오리로 613, 3층(하안동)",경기,37.45541099,126.8781639,031-910-7000
인제대학교 해운대백병원,기초정신건강복지센터,"부산광역시 기장군 정관읍 용수로11, 정관지소 4층",부산,35.32519724,129.1793766,051-797-0100
인천광역시의료원,기초정신건강복지센터,인천광역시 연수구 예술로 20번길 15 ,인천,37.43578309,126.6996474,032-580-6000
인천광역시자살예방센터,자살예방센터,인천광역시 남동구 남동대로 774번길 24 가천뇌과학연구원 5층,인천,37.45103928,126.7094099,032-468-9917
인천미추홀구 자살예방센터,자살예방센터,"인천광역시 미추홀구 독정이로95, 미추홀구청 본관3청사 2층 ",인천,37.46347692,126.6499801,032-468-9917
인천미추홀구 정신건강복지센터,기초정신건강복지센터,"인천광역시 미추홀구 독정이로95, 미추홀구청 본관3청사 2층 ",인천,37.46347692,126.6499801,032-421-4045
인천참사랑병원,기초정신건강복지센터,인천광역시 서구 탁옥로39 서구보건소 4층,인천,37.54443991,126.6738061,032-571-9111
인천참사랑병원,중독관리통합지원센터,인천광역시 계양구 계양대로 126,인천,37.53513212,126.7229252,032-571-9111
인하대학교 산학협력단,중독관리통합지원센터,인천광역시 연수구 앵고개로183 남동부수도사업소2층,인천,37.41213315,126.6659867,032-870-2040
인하대학교 산학협력단,중독관리통합지원센터,"경기도 수원시 팔달구 매산로 89, 2층",경기,37.27049849,127.0106742,032-870-2040
인하대학교의과 대학부속병원,기초정신건강복지센터,인천광역시 중구 참외전로 72번길 21 ,인천,37.47721729,126.6291077,032-890-2114
인혜의료재단 가나병원,기초정신건강복지센터,부산광역시 남구 유엔평화로 4번길 61 3층,부산,35.13427894,129.0885397,NOT_FOUND
자매정신요양원,정신요양시설,부산광역시 사하구 사리로 37,부산,35.10314957,128.9986249,051-207-3845
장성군 정신건강복지센터,기초정신건강복지센터,전라남도 장성군 청운 11길 13,전라남도,35.30454114,126.7824535,061-395-0199
장수보건복지센터,정신재활시설,전라북도 장수군 장수읍 장천로 400,전라북도,35.66758719,127.5209239,063-351-7130
장안좋은집,정신재활시설,경기도 수원시 장안구 경수대로 908번길 38-14,경기,37.30159273,127.012324,
장유누가병원,기초정신건강복지센터,경상남도 김해시 분성로 227번길 210호,경상남도,35.23243378,128.8705459,055-330-4000
전남대학교병원,광역정신건강복지센터,"광주광역시 동구 제봉로 27, 5F",광주,,,1899-0000
전남대학교병원,기초정신건강복지센터,광주광역시 북구 북문대로 43 2층,광주,35.17518988,126.8807714,1899-0000
전라북도 마음사랑병원,기초정신건강복지센터,전라북도 정읍시 수성1로 61 2층,전라북도,35.57799045,126.8545298,
전북대학교,중독관리통합지원센터,전라북도 전주시 덕진구 백제대로 689,전라북도,35.84468477,127.1444136,063-270-2114
전북대학교병원,기초정신건강복지센터,"전라북도 전주시 덕진구 벚꽃로 55, 덕진진료실 2층",전라북도,35.82933502,127.135183,1577-7877
전북신세계병원,기초정신건강복지센터,전라북도 군산시 대야면 백마길 16,전라북도,35.94480785,126.809879,063-545-8700
정다운집,정신재활시설,충청남도 부여군 외산면 외산로 79번길 31 1동 101호,충청남도,36.30333953,126.701736,041-541-0799
정성군 정신건강복지센터,기초정신건강복지센터,강원도 정선군 정선읍 녹송로 33,강원,37.3800728,128.6714375,NOT_FOUND
정신요양시설 천봉산요양원,정신요양시설,경상북도 상주시 만산8길 70,경상북도,36.44412746,128.1500179,054-535-4654
정심수양원,정신요양시설,대구광역시 동구 팔공산로 254길 123,대구,35.97244775,128.6898082,053-982-7592
정심원,정신요양시설,전라북도 완주군 소양면 송광수만로 343번지,전라북도,35.89194659,127.2416304,063-264-7438
정진의료재단 영화병원,기초정신건강복지센터,인천광역시 남동구 인주대로819 문화빌딩 6층,인천,37.4488797,126.7282549,NOT_FOUND
제주대학교병원,광역정신건강복지센터,제주특별자치도 제주시 아란 13길 15 제주대학교병원 내 별관 2층,제주,33.46720852,126.545201,064-717-1114
제주정신재활센터,정신재활시설,"제주특별자치도 제주시 동광로 1길11, 4층 ",제주,33.50194189,126.5289001,
조선대학교 사회복지회,중독관리통합지원센터,"광주광역시 동구 금남로166(금남로5가, 대화빌딩3층)",광주,35.15243162,126.9115391,062-222-9349
종로 행복일굼터,정신재활시설,서울특별시 종로구 종로43길 9,서울,37.5717064,127.0076134,02-744-9707
종로아이존,정신재활시설,서울특별시 종로구 자하문로 89,서울,37.58402744,126.9699743,
좋은나무,정신재활시설,"서울특별시 중랑구 동일로92길 39-21, 202호",서울,37.58438086,127.0822227,032-571-7657
좋은날 ,정신재활시설,"경기도 평택시 통미로18, 가원빌라 가동 301호",경기,36.99219795,127.095096,055-231-3392
좋은사람들,정신재활시설,서울특별시 영등포구 도림로 188-1(대림동),서울,37.49590481,126.9020268,02-2201-5220
좋은세상,정신재활시설,충청남도 천안시 동남구 구성12길 28-1,충청남도,36.79592081,127.1625874,0502-5551-1345
좋은우리,정신재활시설,"충청남도 천안시 동남구 다가말 2길45, 403호",충청남도,36.79805888,127.1368077,063-236-6633
좋은이웃,정신재활시설,충청남도 아산시 음봉면 음봉로 681번길 75,충청남도,36.83824264,127.0800363,051-361-0045
좋은이웃센터,정신재활시설,대전광역시 중구 대흥로 171(대흥동),대전,36.3253788,127.4307589,
좋은친구들,정신재활시설,울산광역시 울주군 온산읍 신경10길 12,울산,35.43288093,129.310516,
주순애원,정신재활시설,경상남도 고성군 고성읍 우산2길312,경상남도,35.01099836,128.3285744,055-674-7762
중구아이존,정신재활시설,서울특별시 중구 서소문로6길 16,서울,37.55943026,126.9662595,02-2038-7650
중랑한울지역 정신건강센터,정신재활시설,서울특별시 중랑구 용마산로 115길 65 우주빌딩 4층,서울,37.59822685,127.0967169,02-2207-9964
진도군 정신건강복지센터,기초정신건강복지센터,전라남도 진도군 진도읍 남동1길 40-9,전라남도,34.48037351,126.2629165,061-540-6932
진산요양원,정신요양시설,전라남도 나주시 노안면 노안삼도로 507-22,전라남도,35.08993194,126.6945455,061-336-1911
진안군 정신건강복지센터,기초정신건강복지센터,전라북도 진안군 진무로 1189,전라북도,35.7973051,127.4347776,
진주시 정신건강복지센터,기초정신건강복지센터,경상남도 진주시 문산읍 월아산로 983,경상남도,35.15912869,128.1636036,055-759-0805
집으로,정신재활시설,경기도 수원시 권선구 정조로432 미영A 110동 102호,경기,37.24746931,127.014534,041-663-1396
징검다리,정신재활시설,경상북도 안동시 경동로 1047-1번지 2층,경상북도,36.55089621,128.7677062,043-222-7889
차지현정신건강 의학과의원,기초정신건강복지센터,인천광역시 계양구 장기서로8 장기보건지소 3층,인천,37.57691299,126.7341852,032-821-2001
참누리정신건강상담센터,정신재활시설,대구광역시 북구 대학로 133,대구,35.89613637,128.6128663,053-959-9925
참마음,정신재활시설,전라북도 익산시 황등면 황등중앙로 112,전라북도,36.00199405,126.9432163,063-837-6446
참사랑낙원,정신요양시설,전라북도 전주시 완산구 바람쐬는길 152,전라북도,35.80297852,127.1710815,
참살이클럽하우스,정신재활시설,부산광역시 동래구 중앙대로 1331(3층),부산,35.20599371,129.0776469,051-554-0562
참좋은집,정신재활시설,강원도 강릉시 강릉대로 419번길 42,강원,37.77448055,128.9074373,031-975-2842
창녕군 정신건강복지센터,기초정신건강복지센터,경상남도 창녕군 창녕읍 우포2로 1189-35,경상남도,,,055-530-6283
창원경상대학교병원,광역정신건강복지센터,경상남도 창원시 의창구 동읍 동읍로 457번길 48,경상남도,35.30959414,128.65115,055-214-1000
창원시 마산 정신건강복지센터,기초정신건강복지센터,경상남도 창원시 마산합포구 월영동북로 15,경상남도,35.18239851,128.5628997,055-225-6031
창원시 진해 정신건강복지센터,기초정신건강복지센터,경상남도 창원시 진해구 중원동로 62 진해서부보건지소 3층,경상남도,35.14989059,128.6619377,055-225-6691
천안시 정신건강복지센터,기초정신건강복지센터,충청남도 천안시 동남구 버들로 40 ,충청남도,36.80717777,127.1514571,041-578-9709
천안시자살예방센터,자살예방센터,충청남도 천안시 서북구 서부 8길 29 (성정동 684-1),충청남도,36.8197755,127.1398835,041-578-9709
천주의성요한수도회,기초정신건강복지센터,광주광역시 동구 서남로 1 동구보건소 2층,광주,35.1461417,126.9230932,02-2664-3162
철원군 정신건강복지센터,기초정신건강복지센터,강원도 철원군 갈말읍 군탄로16,강원,38.1481382,127.3025602,033-450-5104
청도메타병원,기초정신건강복지센터,경상북도 청도군 화양읍 청화로79-15,경상북도,35.64866689,128.7377282,054-370-9900
청소년사회 복귀시설 비상,정신재활시설,서울특별시 관악구 남부순환로 2054 광일빌딩 4층,서울,37.47633698,126.9769252,02-522-4404
청송군 정신건강복지센터,기초정신건강복지센터,경상북도 청송군 청송읍 의료원길 19,경상북도,36.43114271,129.051771,
청아의료재단 동서병원,기초정신건강복지센터,경상남도 창원시 의창구 중앙대로 162번길 9,경상남도,,,NOT_FOUND
청아의료재단 동서병원,중독관리통합지원센터,경상남도 창원시 의창구 중앙대로 162번길 9(신월동) 창원보건소 4층,경상남도,,,NOT_FOUND
청양군 정신건강복지센터,기초정신건강복지센터,충청남도 청양군 청양읍 칠갑산로7길 54,충청남도,36.45502041,126.8049398,041-940-4557
청원사회복귀시설,정신재활시설,충청북도 청주시 청원구 북이면 신대석성로 121-11,충청북도,36.73791048,127.5290149,043-235-8400
청주의료원,기초정신건강복지센터,"충청북도 청주시 서원구 구룡산로 235, 4층",충청북도,36.6160235,127.4713305,043-279-0114
청주의료원,중독관리통합지원센터,충청북도 청주시 상당구 대성로 172번길 21. 3층,충청북도,36.64123586,127.4929252,043-279-0114
청주정신건강센터,정신재활시설,충청북도 청주시 서원구 청남로 2124,충청북도,36.62169036,127.4881159,043-285-0102
축령복음병원,기초정신건강복지센터,경기도 남양주시 경춘로 1037 남양주1청사 신관1층,경기,37.63661684,127.2179954,031-592-6664
춘천시자살예방센터,자살예방센터,강원도 춘천시 효제길 35,강원,37.87133505,127.7372202,033-241-4256
충남대학교 간호과학연구소,기초정신건강복지센터,충청남도 금산군 금산읍 금산로 1559 다락원스포츠센터 내 1층,충청남도,36.11206663,127.4916388,NOT_FOUND
충남대학교 산학협력단,기초정신건강복지센터,충청북도 옥천군 옥천읍 삼양로 8길 10,충청북도,36.30450722,127.5701196,042-821-8791
충남대학교병원,기초정신건강복지센터,대전광역시 동구 현암로 22(삼성동),대전,36.34298696,127.4204617,1599-7123
충남대학교병원,기초정신건강복지센터,세종특별자치시 조치원읍 수원지1길16 세종시립의원 2층,세종,36.60725606,127.3000184,1599-7123
충북대학교병원,광역정신건강복지센터,충청북도 청주시 서원구 1순환로 771,충청북도,36.62519332,127.4638683,1533-0075
충북대학교병원,기초정신건강복지센터,충청북도 청주시 상당구 남일면 단재로 480,충청북도,36.58826888,127.5059436,1533-0075
충주어울림센터,정신재활시설,충청북도 충주시 도장관주로 34-12,충청북도,36.95051503,127.9216275,043-856-0509
칠곡시몬병원,기초정신건강복지센터,경상북도 칠곡군 왜관읍 관문로1길 30,경상북도,35.99070797,128.4186406,054-976-0401
카톨릭대학교 산학협력단,기초정신건강복지센터,경기도 시흥시 호현로 55,경기,37.44553633,126.7853141,02-2164-4697
카프여성거주시설,정신재활시설,서울특별시 마포구 성미산로5길 50-15,서울,37.56116697,126.9097231,02-325-4107
카프이용센터,정신재활시설,경기도 고양시 일산동구 일산로 86,경기,37.64516157,126.7911114,031-810-9251
카프치료 공동체 둥지,정신재활시설,"서울특별시 은평구 연서로 37가길 10-10, 201호",서울,37.62506198,126.926075,02-356-5414
카프치료공동체 감나무집,정신재활시설,서울특별시 마포구 연남동 565-37,서울,37.55988312,126.920346,02-3143-6692
컴넷하우스,정신재활시설,부산광역시 수영구 망미배산로 76번나길 27,부산,35.17697513,129.0982855,051-759-1268
큰빛병원,기초정신건강복지센터,"울산광역시 남구 삼산중로 132(삼산동, 남구보건소 3층)",울산,35.54535764,129.3363283,052-272-2505
클럽하우스 해피투게더,정신재활시설,인천광역시 계양구 계양산로 19(2층),인천,37.54550792,126.7188894,032-545-7585
태안군 정신건강복지센터,기초정신건강복지센터,충청남도 태안군 태안읍 서해로 1952-16,충청남도,36.75181076,126.3232321,041-671-5395
태화샘솟는집,정신재활시설,서울특별시 마포구 아현동 772,서울,37.55098573,126.9527916,02-392-1155
태화해뜨는샘,정신재활시설,서울특별시 강남구 광평로 185 태화기독교사회복지관 3층,서울,37.48482911,127.0933962,02-2040-1780
태훈의료재단,기초정신건강복지센터,경상북도 봉화군 봉화읍 봉화로 1203,경상북도,36.89071878,128.7418543,054-639-8800
통영시 정신건강복지센터,기초정신건강복지센터,"경상남도 통영시 안개4길 108,3층",경상남도,34.85980799,128.4320142,055-650-6175
파란마음,정신재활시설,"서울특별시 은평구 갈현로 33길 32, 201호",서울,37.62172634,126.9131,02-6407-4515
파랑새둥지,정신요양시설,충청남도 아산시 신창면 온천대로 842번길 111,충청남도,36.77548635,126.9438981,041-546-8312
파주시정신건강복지센터(부설) 자살예방센터,자살예방센터,경기도 파주시 봉천로 68 파주건강증진센터 1층,경기,37.74507907,126.8050112,NOT_FOUND
평택시 정신건강복지센터,기초정신건강복지센터,경기도 평택시 평택5호 56 평택보건소 A동 2층,경기,,,031-658-9818
평화의집,정신재활시설,강원도 춘천시 춘천로 281번길 14-6,강원,37.8816269,127.7439954,051-331-4344
평화정신재활시설,정신재활시설,"서울특별시 노원구 노원로 331, 평화종합사회복지관 3층(중계동)",서울,37.64617069,127.0695215,02-949-0121
포천시정신건강복지센터,기초정신건강복지센터,경기도 포천시 포천로 1612 보건소 3층,경기,37.90082612,127.2012609,031-532-1655
포항시 중독관리통합지원센터,중독관리통합지원센터,경상북도 포항시 북구 삼흥로98 ,경상북도,36.07066182,129.3804374,054-270-4148
포항시남구 정신건강복지센터,기초정신건강복지센터,경상북도 포항시 남구 동해안로6119번길,경상북도,35.99244094,129.3962244,054-270-4091
포항시북구 정신건강복지센터,기초정신건강복지센터,경상북도 포항시 북구 삼흥로98,경상북도,36.07066182,129.3804374,054-270-5202
푸른존,정신재활시설,"서울특별시 강북구 도봉로 66길 35, 1층(미아동)",서울,37.63067643,127.0267298,
품,정신재활시설,충청남도 천안시 동남구 양지19길 12-13,충청남도,36.81244164,127.1352055,
하남시정신건강복지센터,기초정신건강복지센터,"경기도 하남시 미사강변대로 200, 미사보건센터 2층",경기,37.56763908,127.185541,031-793-6552
하늘소,정신재활시설,"서울특별시 양천구 화곡로 8길 21-4, 2층",서울,37.53744231,126.8300496,042-637-9595
하동군 정신건강복지센터,기초정신건강복지센터,경상남도 하동군 하동읍 군청로 31,경상남도,35.06690029,127.7528735,055-880-6669
하모니공동생활가정,정신재활시설,충청남도 천안시 동남구 원성8길 16,충청남도,36.81109382,127.1641553,041-551-2854
하얀마음,정신재활시설,"서울특별시 송파구 석촌호수로 20길 28-1, 201호",서울,37.50492602,127.1028746,031-707-0108
학교법인 원광학원(원광대학교병원),광역정신건강복지센터,전라북도 전주시 완산구 홍산북로 57 아이원빌딩 4층,전라북도,35.81762753,127.1081503,063-852-0129
한가정,정신재활시설,"대전광역시 서구 남선로 60번길 45, 3층(탄방동)",대전,36.34859113,127.4013452,
한국생명의전화,중독관리통합지원센터,"대전광역시 동구 동대전로 333, 3층(가양동)",대전,36.35003555,127.442461,02-764-8783
한그루,정신재활시설,"서울특별시 구로구 서해안로 30길 17, 301",서울,,,
한림대학교 성심병원,기초정신건강복지센터,경기도 안양시 만안구 문예로 48,경기,37.38584733,126.9329445,1577-5587
한림대학교 춘천성심병원,기초정신건강복지센터,경기도 가평군 가평읍 가화로 155-15,경기,37.83301353,127.5108228,033-240-5000
한림대학교 춘천성심병원,중독관리통합지원센터,강원도 춘천시 삭주로84 수인빌딩3층 ,강원,37.8833966,127.7402653,033-240-5000
한마음세상,정신재활시설,"서울특별시 강서구 초록마을로 32길, 33-18",서울,37.53789845,126.8463311,02-2607-7303
한마음의집,정신재활시설,"서울특별시 서대문구 연희로39다길 20, 1층",서울,37.58711861,126.9316119,042-585-0781
한마음정신보건재활센터,정신재활시설,경상북도 경주시 동성로 35,경상북도,35.84371056,129.2043246,
한미래사회복귀센터,정신재활시설,"부산광역시 부산진구 거제대로 16-4, 4층 ",부산,35.16995059,129.0676964,051-646-7425
한별정신건강병원,기초정신건강복지센터,경기도 김포시 사우중로 108보건소 별관2층,경기,37.62374569,126.7230796,02-955-9924
한빛둥지,정신재활시설,대전광역시 서구 변동로 12-1(변동),대전,36.32738952,127.3751541,NOT_FOUND
한빛하우스,정신재활시설,"서울특별시 서대문구 연희로39다길 20, 2층",서울,37.58711861,126.9316119,0505-567-9876
한사랑,정신재활시설,전라북도 완주군 상관면 신리로 61,전라북도,35.76815713,127.2099124,
한사랑병원,중독관리통합지원센터,경상남도 김해시 분성로227번길 211호,경상남도,35.23243378,128.8705459,031-501-7777
한서중앙병원,기초정신건강복지센터,"경기도 연천군 은대성로 95, 연천군보건의료원내 연천군정신건강복지센터",경기,38.02353355,127.0609624,031-875-7878
한양대학교 산학협력단,기초정신건강복지센터,경기도 구리시 건원대로 34번길 84 ,경기,37.60473625,127.1450794,031-400-4947
한양대학교병원,기초정신건강복지센터,서울특별시 성동구 행당로12,서울,37.55448433,127.0213717,02-2290-8114
한울림,정신재활시설,서울특별시 성북구 보국문로 6길 5-10번지 202호,서울,37.60629905,127.0116292,
한울빌리지,정신요양시설,충청남도 논산시 양촌면 계백한전길 161,충청남도,36.1938654,127.1965106,
한울지역 정신건강센터,정신재활시설,서울특별시 관악구 장군봉길 46,서울,37.48096481,126.9392757,02-877-9964
한울타리,정신재활시설,"대전광역시 서구 도산로 131-1, 3층(도마동)",대전,36.32021609,127.3774291,051-333-9808
함양군 정신건강복지센터,기초정신건강복지센터,경상남도 함안군 중앙남4길 10,경상남도,35.27575872,128.4102675,
함양군 정신건강복지센터,기초정신건강복지센터,경상남도 함양군 함양읍 한들로 139,경상남도,35.51955233,127.7314763,
함양정신요양원,정신요양시설,경상남도 함양군 함양읍 월명길12,경상남도,35.52026631,127.7790926,055-962-2071
함평군 정신건강복지센터,기초정신건강복지센터,전라남도 함평군 함평읍 중앙길 54-8,전라남도,35.06190341,126.5242551,061-320-2512
합천군 정신건강복지센터,기초정신건강복지센터,경상남도 합천군 합천읍 동서로39,경상남도,35.56792811,128.1567534,055-930-4835
해남군 정신건강복지센터,기초정신건강복지센터,전라남도 해남군 해남읍 해남로 46,전라남도,34.5704311,126.6120935,061-531-3768
해맑은뜰,정신재활시설,"서울특별시 은평구 갈현로 47길 32-14, 101호",서울,37.62905876,126.9166185,
해맑은미소,정신재활시설,"경기도 안산시 상록구 태마당로 1길4, c동 101호(부곡동, 양지하이츠빌라)",경기,37.33065477,126.8627734,
해바라기 ,정신재활시설,"경기도 화성시 병점3로 38-2, 태림빌라다동 101호",경기,37.20806068,127.037676,064-728-3989
해비치,정신재활시설,서울특별시 서대문구 증가로 24마길 11,서울,37.5827437,126.9169342,064-780-8100
해사랑,정신재활시설,"서울특별시 은평구 연서로41길 41, 301호",서울,37.62734433,126.9251622,042-221-7727
해솔,정신재활시설,경기도 성남시 중원구 자혜로 16번길 28-1 401호,경기,37.44798824,127.1602832,031-374-5155
해오름,정신재활시설,서울특별시 마포구 망원로11길 27-54,서울,37.55860768,126.9056827,
해운대백병원,기초정신건강복지센터,부산광역시 수영구 수영로 637-5수영구보건소 2층,부산,35.1624774,129.1134882,051-797-0100
해운대자명병원,기초정신건강복지센터,"부산광역시 해운대구 양운로 37번길 59, 보건소 내 2층",부산,35.1641127,129.1786594,051-528-3413
해인공동생활가정,정신재활시설,"세종특별자치시 전의면 산단길 3-11, 정원빌리지 2동 101호",세종,36.70226909,127.2122143,NOT_FOUND
해인정신건강상담센터,정신재활시설,"대구광역시 중구 명덕로 261, 2층",대구,35.85579903,128.5986007,053-425-0425
해찬솔,정신재활시설,"대전광역시 대덕구 대덕대로 1587, 금강로하스엘크루103-603호(석봉동)",대전,36.45344744,127.4220936,031-667-9011
해피하우스,정신재활시설,"인천광역시 연수구 한나루186번길54, 101호(옥련동)",인천,,,
해피하우스 ,정신재활시설,"경기도 평택시 성동로 11번길 20-11, 하애빌라 2동 103호",경기,36.99558741,127.0913814,
해피하우스다솜,정신재활시설,충청북도 충주시 대소원면 창현로 654-17,충청북도,36.91315979,127.8680484,043-856-2001
햇살한줌,정신재활시설,대전광역시 대덕구 한남로 150번길 16(오정동),대전,36.34794929,127.4134324,
행복나무,정신재활시설,부산광역시 기장군 정관읍 정관로 583 대한빌딩 301호,부산,35.32116403,129.177766,010-4571-6389
행복샘,정신재활시설,경기도 수원시 권선구 정조로432 미영A 106동 107호 ,경기,37.24746931,127.014534,
행복울타리,정신재활시설,대전광역시 대덕구 대전로 1387번길 28,대전,36.37792455,127.4197042,053-638-7088
행복을 만드는 집,정신재활시설,서울특별시 강북구 노해로 33길 29-3,서울,37.64625023,127.0228276,031-695-7615
행복의꿈,정신재활시설,충청남도 천안시 동남구 다가13길 17,충청남도,36.80193352,127.1430559,
행복이룸,정신재활시설,충청북도 청주시 흥덕구 오송읍 만수길 13-9 301호,충청북도,36.62425788,127.3261581,031-8032-9244
행복자리,정신재활시설,경상북도 칠곡군 약목면 관호8길 28-18 101동 307호,경상북도,36.00169268,128.3880675,063-465-4001
행복정신건강센터,정신재활시설,서울특별시 강동구 진황도로119 4층 ,서울,37.53491283,127.139566,
행복주는의원,기초정신건강복지센터,경기도 오산시 경기동로 59 보건소2층,경기,37.15935046,127.0778465,031-377-8274
행복한집,정신재활시설,"부산광역시 남구 용소로 64번길 49-1, 1층",부산,35.1314895,129.0984889,031-376-0645
행복한집,정신재활시설,대구광역시 남구 장전1길 149,대구,35.84069701,128.5787484,031-376-0645
행복한집,정신재활시설,전라북도 전주시 덕진구 인교로35-25 뉴도현빌 501호,전라북도,35.82552193,127.1722768,031-376-0645
행복한하루,정신재활시설,서울특별시 도봉구 시루봉로 15라길 7-7 301호(방학동),서울,37.66873055,127.0324337,032-361-7701
향기로운집,정신재활시설,경기도 수원시 권선구 세류3동 817-93번지2층,경기,37.26200313,127.019083,031-632-6073
헤세드하우스 ,정신재활시설,경기도 포천시 소흘읍 광릉수목원로 664,경기,37.77200862,127.1637572,010-8824-4644
혜광의료재단 충북병원,기초정신건강복지센터,충청북도 증평군 증평읍 보건복지로 64-1,충청북도,36.77424621,127.586726,043-260-8200
혜광의료재단 충북병원,기초정신건강복지센터,충청북도 청주시 흥덕구 비하로15번길 16,충청북도,36.62858012,127.4242677,043-260-8200
혜민재활의집,정신재활시설,경기도 파주시 조리읍 문원길 263-6 밀레니엄 B-202,경기,37.72630275,126.8128219,NOT_FOUND
혜민재활의집2,정신재활시설,"경기도 파주시 조리읍 능안로 87, 303",경기,,,NOT_FOUND
홀로서기,정신재활시설,경기도 수원시 권선구 세권로 221번길 24 1층,경기,37.25569146,127.0290559,02-812-6922
홍선군 정신건강복지센터,기초정신건강복지센터,충청남도 홍성군 홍성읍 문화로 106,충청남도,36.59664119,126.6630605,NOT_FOUND
홍성정신요양원,정신요양시설,충청남도 홍성군 홍성읍 대내길 97,충청남도,36.61272848,126.6744685,041-632-3108
홍천군자살예방센터,자살예방센터,강원도 홍천군 홍천읍 신장대로 5,강원,37.69022187,127.8772937,033-430-4030
화곡하늘샘,정신재활시설,"서울특별시 강서구 방화대로6 다길 10-12, 401호",서울,37.55564821,126.8175389,02-2665-7611
화천군 정신건강복지센터,기초정신건강복지센터,강원도 화천군 화천읍 강변로 111,강원,38.10738275,127.709078,NOT_FOUND
희망,정신재활시설,충청남도 천안시 동남구 고재 24길 5,충청남도,36.80560041,127.1622955,061-381-5860
희망빌,정신재활시설,"대구광역시 남구 봉덕로9길 84-2, 4층",대구,35.848382,128.5971152,
희망의그루터기,정신재활시설,전라북도 군산시 둔배미길6-6,전라북도,35.98086663,126.7145538,051-516-1070
희망의쉼터,정신재활시설,전라북도 군산시 둔배미길6-2,전라북도,35.98095567,126.7145537,
희망의집,정신재활시설,경상북도 경산시 자인면 설총로 841-9,경상북도,35.81204857,128.8263443,053-382-1720
희망일터,정신재활시설,인천광역시 강화군 화도면 마니산로 359,인천,37.63143975,126.454878,032-937-6801
희망집,정신재활시설,경기도 오산시 경기동로 8번길 28 라동 102호,경기,37.15628189,127.0745158,
힐링타운,정신재활시설,대전광역시 대덕구 송촌남로55-12,대전,36.35625699,127.4438159,02-2116-3953
힐링하우스,정신재활시설,"경기도 안산시 상록구 석호공원로 2길7, 401호(사동)",경기,37.30081563,126.8490998,010-2301-2272
